solid AutoCAD
   facet normal -9.5055348e-02 9.9546465e-01 -3.8236819e-03
      outer loop
         vertex 1.3938310e+01 5.0373429e+00 9.0000010e+00
         vertex 1.3222427e+01 4.9344144e+00 1.0000000e-06
         vertex 1.2500001e+01 4.9000010e+00 9.0000010e+00
      endloop
   endfacet
   facet normal 0.0000000e+00 9.9999269e-01 3.8236819e-03
      outer loop
         vertex 1.2500001e+01 4.9000010e+00 9.0000010e+00
         vertex 1.3222427e+01 4.9344144e+00 1.0000000e-06
         vertex 1.1777575e+01 4.9344144e+00 1.0000000e-06
      endloop
   endfacet
   facet normal 9.5055348e-02 9.9546465e-01 -3.8236819e-03
      outer loop
         vertex 1.2500001e+01 4.9000010e+00 9.0000010e+00
         vertex 1.1777575e+01 4.9344144e+00 1.0000000e-06
         vertex 1.1061692e+01 5.0373429e+00 9.0000010e+00
      endloop
   endfacet
   facet normal 1.8924986e-01 9.8192152e-01 3.8236819e-03
      outer loop
         vertex 1.1061692e+01 5.0373429e+00 9.0000010e+00
         vertex 1.1777575e+01 4.9344144e+00 1.0000000e-06
         vertex 1.0358834e+01 5.2078544e+00 1.0000000e-06
      endloop
   endfacet
   facet normal 2.8173050e-01 9.5948596e-01 -3.8236819e-03
      outer loop
         vertex 1.1061692e+01 5.0373429e+00 9.0000010e+00
         vertex 1.0358834e+01 5.2078544e+00 1.0000000e-06
         vertex 9.6753663e+00 5.4444047e+00 9.0000010e+00
      endloop
   endfacet
   facet normal 3.7165974e-01 9.2836115e-01 3.8236819e-03
      outer loop
         vertex 9.6753663e+00 5.4444047e+00 9.0000010e+00
         vertex 1.0358834e+01 5.2078544e+00 1.0000000e-06
         vertex 9.0174794e+00 5.7448516e+00 1.0000000e-06
      endloop
   endfacet
   facet normal 4.5822317e-01 8.8882895e-01 -3.8236819e-03
      outer loop
         vertex 9.6753663e+00 5.4444047e+00 9.0000010e+00
         vertex 9.0174794e+00 5.7448516e+00 1.0000000e-06
         vertex 8.3911308e+00 6.1064742e+00 9.0000010e+00
      endloop
   endfacet
   facet normal 5.4063687e-01 8.4124738e-01 3.8236819e-03
      outer loop
         vertex 8.3911308e+00 6.1064742e+00 9.0000010e+00
         vertex 9.0174794e+00 5.7448516e+00 1.0000000e-06
         vertex 7.8019927e+00 6.5259975e+00 1.0000000e-06
      endloop
   endfacet
   facet normal 6.1815447e-01 7.8604735e-01 -3.8236819e-03
      outer loop
         vertex 8.3911308e+00 6.1064742e+00 9.0000010e+00
         vertex 7.8019927e+00 6.5259975e+00 1.0000000e-06
         vertex 7.2554005e+00 6.9996223e+00 9.0000010e+00
      endloop
   endfacet
   facet normal 6.9007397e-01 7.2372875e-01 3.8236819e-03
      outer loop
         vertex 7.2554005e+00 6.9996223e+00 9.0000010e+00
         vertex 7.8019927e+00 6.5259975e+00 1.0000000e-06
         vertex 6.7563042e+00 7.5230594e+00 1.0000000e-06
      endloop
   endfacet
   facet normal 7.5574405e-01 6.5485595e-01 -3.8236819e-03
      outer loop
         vertex 7.2554005e+00 6.9996223e+00 9.0000010e+00
         vertex 6.7563042e+00 7.5230594e+00 1.0000000e-06
         vertex 6.3092238e+00 8.0915685e+00 9.0000010e+00
      endloop
   endfacet
   facet normal 8.1457000e-01 5.8005267e-01 3.8236819e-03
      outer loop
         vertex 6.3092238e+00 8.0915685e+00 9.0000010e+00
         vertex 6.7563042e+00 7.5230594e+00 1.0000000e-06
         vertex 5.9182079e+00 8.7000010e+00 1.0000000e-06
      endloop
   endfacet
   facet normal 8.6601907e-01 4.9999634e-01 -3.8236819e-03
      outer loop
         vertex 6.3092238e+00 8.0915685e+00 9.0000010e+00
         vertex 5.9182079e+00 8.7000010e+00 1.0000000e-06
         vertex 5.5867978e+00 9.3428469e+00 9.0000010e+00
      endloop
   endfacet
   facet normal 9.0962535e-01 4.1541198e-01 3.8236819e-03
      outer loop
         vertex 5.5867978e+00 9.3428469e+00 9.0000010e+00
         vertex 5.9182079e+00 8.7000010e+00 1.0000000e-06
         vertex 5.3179948e+00 1.0014284e+01 1.0000000e-06
      endloop
   endfacet
   facet normal 9.4499391e-01 3.2706557e-01 -3.8236819e-03
      outer loop
         vertex 5.5867978e+00 9.3428469e+00 9.0000010e+00
         vertex 5.3179948e+00 1.0014284e+01 1.0000000e-06
         vertex 5.1142331e+00 1.0708233e+01 9.0000010e+00
      endloop
   endfacet
   facet normal 9.7180446e-01 2.3575721e-01 3.8236819e-03
      outer loop
         vertex 5.1142331e+00 1.0708233e+01 9.0000010e+00
         vertex 5.3179948e+00 1.0014284e+01 1.0000000e-06
         vertex 4.9773580e+00 1.1418408e+01 1.0000000e-06
      endloop
   endfacet
   facet normal 9.8981421e-01 1.4231380e-01 -3.8236819e-03
      outer loop
         vertex 5.1142331e+00 1.0708233e+01 9.0000010e+00
         vertex 4.9773580e+00 1.1418408e+01 1.0000000e-06
         vertex 4.9086092e+00 1.2138378e+01 9.0000010e+00
      endloop
   endfacet
   facet normal 9.9886004e-01 4.7581568e-02 3.8236819e-03
      outer loop
         vertex 4.9086092e+00 1.2138378e+01 9.0000010e+00
         vertex 4.9773580e+00 1.1418408e+01 1.0000000e-06
         vertex 4.9086092e+00 1.2861624e+01 1.0000000e-06
      endloop
   endfacet
   facet normal 9.9886004e-01 -4.7581568e-02 -3.8236819e-03
      outer loop
         vertex 4.9086092e+00 1.2138378e+01 9.0000010e+00
         vertex 4.9086092e+00 1.2861624e+01 1.0000000e-06
         vertex 4.9773580e+00 1.3581594e+01 9.0000010e+00
      endloop
   endfacet
   facet normal 9.8981421e-01 -1.4231380e-01 3.8236819e-03
      outer loop
         vertex 4.9773580e+00 1.3581594e+01 9.0000010e+00
         vertex 4.9086092e+00 1.2861624e+01 1.0000000e-06
         vertex 5.1142331e+00 1.4291769e+01 1.0000000e-06
      endloop
   endfacet
   facet normal 9.7180446e-01 -2.3575721e-01 -3.8236819e-03
      outer loop
         vertex 4.9773580e+00 1.3581594e+01 9.0000010e+00
         vertex 5.1142331e+00 1.4291769e+01 1.0000000e-06
         vertex 5.3179948e+00 1.4985718e+01 9.0000010e+00
      endloop
   endfacet
   facet normal 9.4499391e-01 -3.2706557e-01 3.8236819e-03
      outer loop
         vertex 5.3179948e+00 1.4985718e+01 9.0000010e+00
         vertex 5.1142331e+00 1.4291769e+01 1.0000000e-06
         vertex 5.5867978e+00 1.5657155e+01 1.0000000e-06
      endloop
   endfacet
   facet normal 9.0962535e-01 -4.1541198e-01 -3.8236819e-03
      outer loop
         vertex 5.3179948e+00 1.4985718e+01 9.0000010e+00
         vertex 5.5867978e+00 1.5657155e+01 1.0000000e-06
         vertex 5.9182079e+00 1.6300001e+01 9.0000010e+00
      endloop
   endfacet
   facet normal 8.6601907e-01 -4.9999634e-01 3.8236819e-03
      outer loop
         vertex 5.9182079e+00 1.6300001e+01 9.0000010e+00
         vertex 5.5867978e+00 1.5657155e+01 1.0000000e-06
         vertex 6.3092238e+00 1.6908434e+01 1.0000000e-06
      endloop
   endfacet
   facet normal 8.1457000e-01 -5.8005267e-01 -3.8236819e-03
      outer loop
         vertex 5.9182079e+00 1.6300001e+01 9.0000010e+00
         vertex 6.3092238e+00 1.6908434e+01 1.0000000e-06
         vertex 6.7563042e+00 1.7476943e+01 9.0000010e+00
      endloop
   endfacet
   facet normal 7.5574405e-01 -6.5485595e-01 3.8236819e-03
      outer loop
         vertex 6.7563042e+00 1.7476943e+01 9.0000010e+00
         vertex 6.3092238e+00 1.6908434e+01 1.0000000e-06
         vertex 7.2554005e+00 1.8000380e+01 1.0000000e-06
      endloop
   endfacet
   facet normal 6.9007397e-01 -7.2372875e-01 -3.8236819e-03
      outer loop
         vertex 6.7563042e+00 1.7476943e+01 9.0000010e+00
         vertex 7.2554005e+00 1.8000380e+01 1.0000000e-06
         vertex 7.8019927e+00 1.8474005e+01 9.0000010e+00
      endloop
   endfacet
   facet normal 6.1815447e-01 -7.8604735e-01 3.8236819e-03
      outer loop
         vertex 7.8019927e+00 1.8474005e+01 9.0000010e+00
         vertex 7.2554005e+00 1.8000380e+01 1.0000000e-06
         vertex 8.3911308e+00 1.8893528e+01 1.0000000e-06
      endloop
   endfacet
   facet normal 5.4063687e-01 -8.4124738e-01 -3.8236819e-03
      outer loop
         vertex 7.8019927e+00 1.8474005e+01 9.0000010e+00
         vertex 8.3911308e+00 1.8893528e+01 1.0000000e-06
         vertex 9.0174794e+00 1.9255150e+01 9.0000010e+00
      endloop
   endfacet
   facet normal 4.5822317e-01 -8.8882895e-01 3.8236819e-03
      outer loop
         vertex 9.0174794e+00 1.9255150e+01 9.0000010e+00
         vertex 8.3911308e+00 1.8893528e+01 1.0000000e-06
         vertex 9.6753663e+00 1.9555597e+01 1.0000000e-06
      endloop
   endfacet
   facet normal 3.7165974e-01 -9.2836115e-01 -3.8236819e-03
      outer loop
         vertex 9.0174794e+00 1.9255150e+01 9.0000010e+00
         vertex 9.6753663e+00 1.9555597e+01 1.0000000e-06
         vertex 1.0358834e+01 1.9792148e+01 9.0000010e+00
      endloop
   endfacet
   facet normal 2.8173050e-01 -9.5948596e-01 3.8236819e-03
      outer loop
         vertex 1.0358834e+01 1.9792148e+01 9.0000010e+00
         vertex 9.6753663e+00 1.9555597e+01 1.0000000e-06
         vertex 1.1061692e+01 1.9962659e+01 1.0000000e-06
      endloop
   endfacet
   facet normal 1.8924986e-01 -9.8192152e-01 -3.8236819e-03
      outer loop
         vertex 1.0358834e+01 1.9792148e+01 9.0000010e+00
         vertex 1.1061692e+01 1.9962659e+01 1.0000000e-06
         vertex 1.1777575e+01 2.0065588e+01 9.0000010e+00
      endloop
   endfacet
   facet normal 9.5055348e-02 -9.9546465e-01 3.8236819e-03
      outer loop
         vertex 1.1777575e+01 2.0065588e+01 9.0000010e+00
         vertex 1.1061692e+01 1.9962659e+01 1.0000000e-06
         vertex 1.2500001e+01 2.0100001e+01 1.0000000e-06
      endloop
   endfacet
   facet normal 0.0000000e+00 -9.9999269e-01 -3.8236819e-03
      outer loop
         vertex 1.1777575e+01 2.0065588e+01 9.0000010e+00
         vertex 1.2500001e+01 2.0100001e+01 1.0000000e-06
         vertex 1.3222427e+01 2.0065588e+01 9.0000010e+00
      endloop
   endfacet
   facet normal -9.5055348e-02 -9.9546465e-01 3.8236819e-03
      outer loop
         vertex 1.3222427e+01 2.0065588e+01 9.0000010e+00
         vertex 1.2500001e+01 2.0100001e+01 1.0000000e-06
         vertex 1.3938310e+01 1.9962659e+01 1.0000000e-06
      endloop
   endfacet
   facet normal -1.8924986e-01 -9.8192152e-01 -3.8236819e-03
      outer loop
         vertex 1.3222427e+01 2.0065588e+01 9.0000010e+00
         vertex 1.3938310e+01 1.9962659e+01 1.0000000e-06
         vertex 1.4641168e+01 1.9792148e+01 9.0000010e+00
      endloop
   endfacet
   facet normal -2.8173050e-01 -9.5948596e-01 3.8236819e-03
      outer loop
         vertex 1.4641168e+01 1.9792148e+01 9.0000010e+00
         vertex 1.3938310e+01 1.9962659e+01 1.0000000e-06
         vertex 1.5324636e+01 1.9555597e+01 1.0000000e-06
      endloop
   endfacet
   facet normal -3.7165974e-01 -9.2836115e-01 -3.8236819e-03
      outer loop
         vertex 1.4641168e+01 1.9792148e+01 9.0000010e+00
         vertex 1.5324636e+01 1.9555597e+01 1.0000000e-06
         vertex 1.5982523e+01 1.9255150e+01 9.0000010e+00
      endloop
   endfacet
   facet normal -4.5822317e-01 -8.8882895e-01 3.8236819e-03
      outer loop
         vertex 1.5982523e+01 1.9255150e+01 9.0000010e+00
         vertex 1.5324636e+01 1.9555597e+01 1.0000000e-06
         vertex 1.6608871e+01 1.8893528e+01 1.0000000e-06
      endloop
   endfacet
   facet normal -5.4063687e-01 -8.4124738e-01 -3.8236819e-03
      outer loop
         vertex 1.5982523e+01 1.9255150e+01 9.0000010e+00
         vertex 1.6608871e+01 1.8893528e+01 1.0000000e-06
         vertex 1.7198009e+01 1.8474005e+01 9.0000010e+00
      endloop
   endfacet
   facet normal -6.1815447e-01 -7.8604735e-01 3.8236819e-03
      outer loop
         vertex 1.7198009e+01 1.8474005e+01 9.0000010e+00
         vertex 1.6608871e+01 1.8893528e+01 1.0000000e-06
         vertex 1.7744601e+01 1.8000380e+01 1.0000000e-06
      endloop
   endfacet
   facet normal -6.9007397e-01 -7.2372875e-01 -3.8236819e-03
      outer loop
         vertex 1.7198009e+01 1.8474005e+01 9.0000010e+00
         vertex 1.7744601e+01 1.8000380e+01 1.0000000e-06
         vertex 1.8243698e+01 1.7476943e+01 9.0000010e+00
      endloop
   endfacet
   facet normal -7.5574405e-01 -6.5485595e-01 3.8236819e-03
      outer loop
         vertex 1.8243698e+01 1.7476943e+01 9.0000010e+00
         vertex 1.7744601e+01 1.8000380e+01 1.0000000e-06
         vertex 1.8690778e+01 1.6908434e+01 1.0000000e-06
      endloop
   endfacet
   facet normal -8.1457000e-01 -5.8005267e-01 -3.8236819e-03
      outer loop
         vertex 1.8243698e+01 1.7476943e+01 9.0000010e+00
         vertex 1.8690778e+01 1.6908434e+01 1.0000000e-06
         vertex 1.9081794e+01 1.6300001e+01 9.0000010e+00
      endloop
   endfacet
   facet normal -8.6601907e-01 -4.9999634e-01 3.8236819e-03
      outer loop
         vertex 1.9081794e+01 1.6300001e+01 9.0000010e+00
         vertex 1.8690778e+01 1.6908434e+01 1.0000000e-06
         vertex 1.9413204e+01 1.5657155e+01 1.0000000e-06
      endloop
   endfacet
   facet normal -9.0962535e-01 -4.1541198e-01 -3.8236819e-03
      outer loop
         vertex 1.9081794e+01 1.6300001e+01 9.0000010e+00
         vertex 1.9413204e+01 1.5657155e+01 1.0000000e-06
         vertex 1.9682007e+01 1.4985718e+01 9.0000010e+00
      endloop
   endfacet
   facet normal -9.4499391e-01 -3.2706557e-01 3.8236819e-03
      outer loop
         vertex 1.9682007e+01 1.4985718e+01 9.0000010e+00
         vertex 1.9413204e+01 1.5657155e+01 1.0000000e-06
         vertex 1.9885769e+01 1.4291769e+01 1.0000000e-06
      endloop
   endfacet
   facet normal -9.7180446e-01 -2.3575721e-01 -3.8236819e-03
      outer loop
         vertex 1.9682007e+01 1.4985718e+01 9.0000010e+00
         vertex 1.9885769e+01 1.4291769e+01 1.0000000e-06
         vertex 2.0022644e+01 1.3581594e+01 9.0000010e+00
      endloop
   endfacet
   facet normal -9.8981421e-01 -1.4231380e-01 3.8236819e-03
      outer loop
         vertex 2.0022644e+01 1.3581594e+01 9.0000010e+00
         vertex 1.9885769e+01 1.4291769e+01 1.0000000e-06
         vertex 2.0091393e+01 1.2861624e+01 1.0000000e-06
      endloop
   endfacet
   facet normal -9.9886004e-01 -4.7581568e-02 -3.8236819e-03
      outer loop
         vertex 2.0022644e+01 1.3581594e+01 9.0000010e+00
         vertex 2.0091393e+01 1.2861624e+01 1.0000000e-06
         vertex 2.0091393e+01 1.2138378e+01 9.0000010e+00
      endloop
   endfacet
   facet normal -9.9886004e-01 4.7581568e-02 3.8236819e-03
      outer loop
         vertex 2.0091393e+01 1.2138378e+01 9.0000010e+00
         vertex 2.0091393e+01 1.2861624e+01 1.0000000e-06
         vertex 2.0022644e+01 1.1418408e+01 1.0000000e-06
      endloop
   endfacet
   facet normal -9.8981421e-01 1.4231380e-01 -3.8236819e-03
      outer loop
         vertex 2.0091393e+01 1.2138378e+01 9.0000010e+00
         vertex 2.0022644e+01 1.1418408e+01 1.0000000e-06
         vertex 1.9885769e+01 1.0708233e+01 9.0000010e+00
      endloop
   endfacet
   facet normal -9.7180446e-01 2.3575721e-01 3.8236819e-03
      outer loop
         vertex 1.9885769e+01 1.0708233e+01 9.0000010e+00
         vertex 2.0022644e+01 1.1418408e+01 1.0000000e-06
         vertex 1.9682007e+01 1.0014284e+01 1.0000000e-06
      endloop
   endfacet
   facet normal -9.4499391e-01 3.2706557e-01 -3.8236819e-03
      outer loop
         vertex 1.9885769e+01 1.0708233e+01 9.0000010e+00
         vertex 1.9682007e+01 1.0014284e+01 1.0000000e-06
         vertex 1.9413204e+01 9.3428469e+00 9.0000010e+00
      endloop
   endfacet
   facet normal -9.0962535e-01 4.1541198e-01 3.8236819e-03
      outer loop
         vertex 1.9413204e+01 9.3428469e+00 9.0000010e+00
         vertex 1.9682007e+01 1.0014284e+01 1.0000000e-06
         vertex 1.9081794e+01 8.7000010e+00 1.0000000e-06
      endloop
   endfacet
   facet normal -8.6601907e-01 4.9999634e-01 -3.8236819e-03
      outer loop
         vertex 1.9413204e+01 9.3428469e+00 9.0000010e+00
         vertex 1.9081794e+01 8.7000010e+00 1.0000000e-06
         vertex 1.8690778e+01 8.0915685e+00 9.0000010e+00
      endloop
   endfacet
   facet normal -8.1457000e-01 5.8005267e-01 3.8236819e-03
      outer loop
         vertex 1.8690778e+01 8.0915685e+00 9.0000010e+00
         vertex 1.9081794e+01 8.7000010e+00 1.0000000e-06
         vertex 1.8243698e+01 7.5230594e+00 1.0000000e-06
      endloop
   endfacet
   facet normal -7.5574405e-01 6.5485595e-01 -3.8236819e-03
      outer loop
         vertex 1.8690778e+01 8.0915685e+00 9.0000010e+00
         vertex 1.8243698e+01 7.5230594e+00 1.0000000e-06
         vertex 1.7744601e+01 6.9996223e+00 9.0000010e+00
      endloop
   endfacet
   facet normal -6.9007397e-01 7.2372875e-01 3.8236819e-03
      outer loop
         vertex 1.7744601e+01 6.9996223e+00 9.0000010e+00
         vertex 1.8243698e+01 7.5230594e+00 1.0000000e-06
         vertex 1.7198009e+01 6.5259975e+00 1.0000000e-06
      endloop
   endfacet
   facet normal -6.1815447e-01 7.8604735e-01 -3.8236819e-03
      outer loop
         vertex 1.7744601e+01 6.9996223e+00 9.0000010e+00
         vertex 1.7198009e+01 6.5259975e+00 1.0000000e-06
         vertex 1.6608871e+01 6.1064742e+00 9.0000010e+00
      endloop
   endfacet
   facet normal -5.4063687e-01 8.4124738e-01 3.8236819e-03
      outer loop
         vertex 1.6608871e+01 6.1064742e+00 9.0000010e+00
         vertex 1.7198009e+01 6.5259975e+00 1.0000000e-06
         vertex 1.5982523e+01 5.7448516e+00 1.0000000e-06
      endloop
   endfacet
   facet normal -4.5822317e-01 8.8882895e-01 -3.8236819e-03
      outer loop
         vertex 1.6608871e+01 6.1064742e+00 9.0000010e+00
         vertex 1.5982523e+01 5.7448516e+00 1.0000000e-06
         vertex 1.5324636e+01 5.4444047e+00 9.0000010e+00
      endloop
   endfacet
   facet normal -3.7165974e-01 9.2836115e-01 3.8236819e-03
      outer loop
         vertex 1.5324636e+01 5.4444047e+00 9.0000010e+00
         vertex 1.5982523e+01 5.7448516e+00 1.0000000e-06
         vertex 1.4641168e+01 5.2078544e+00 1.0000000e-06
      endloop
   endfacet
   facet normal -2.8173050e-01 9.5948596e-01 -3.8236819e-03
      outer loop
         vertex 1.5324636e+01 5.4444047e+00 9.0000010e+00
         vertex 1.4641168e+01 5.2078544e+00 1.0000000e-06
         vertex 1.3938310e+01 5.0373429e+00 9.0000010e+00
      endloop
   endfacet
   facet normal -1.8924986e-01 9.8192152e-01 3.8236819e-03
      outer loop
         vertex 1.3938310e+01 5.0373429e+00 9.0000010e+00
         vertex 1.4641168e+01 5.2078544e+00 1.0000000e-06
         vertex 1.3222427e+01 4.9344144e+00 1.0000000e-06
      endloop
   endfacet
   facet normal 9.9639749e-01 -8.4805924e-02 8.0965595e-16
      outer loop
         vertex 2.2356160e+01 1.0809993e+01 9.0000010e+00
         vertex 2.2356160e+01 1.0809993e+01 5.0000010e+00
         vertex 2.2500001e+01 1.2500001e+01 9.0000010e+00
      endloop
   endfacet
   facet normal 9.9639749e-01 -8.4805924e-02 7.7729820e-17
      outer loop
         vertex 2.2500001e+01 1.2500001e+01 9.0000010e+00
         vertex 2.2356160e+01 1.0809993e+01 5.0000010e+00
         vertex 2.2500001e+01 1.2500001e+01 5.0000010e+00
      endloop
   endfacet
   facet normal 9.9639749e-01 8.4805924e-02 -7.5322792e-17
      outer loop
         vertex 2.2500001e+01 1.2500001e+01 9.0000010e+00
         vertex 2.2500001e+01 1.2500001e+01 5.0000010e+00
         vertex 2.2356160e+01 1.4190009e+01 9.0000010e+00
      endloop
   endfacet
   facet normal 9.9639749e-01 8.4805924e-02 -8.1002654e-16
      outer loop
         vertex 2.2356160e+01 1.4190009e+01 9.0000010e+00
         vertex 2.2500001e+01 1.2500001e+01 5.0000010e+00
         vertex 2.2356160e+01 1.4190009e+01 5.0000010e+00
      endloop
   endfacet
   facet normal 9.6773295e-01 2.5197806e-01 -6.3571804e-16
      outer loop
         vertex 2.2356160e+01 1.4190009e+01 9.0000010e+00
         vertex 2.2356160e+01 1.4190009e+01 5.0000010e+00
         vertex 2.1928775e+01 1.5831399e+01 9.0000010e+00
      endloop
   endfacet
   facet normal 9.6773295e-01 2.5197806e-01 0.0000000e+00
      outer loop
         vertex 2.1928775e+01 1.5831399e+01 9.0000010e+00
         vertex 2.2356160e+01 1.4190009e+01 5.0000010e+00
         vertex 2.1928775e+01 1.5831399e+01 5.0000010e+00
      endloop
   endfacet
   facet normal 9.1122849e-01 4.1190125e-01 0.0000000e+00
      outer loop
         vertex 2.1928775e+01 1.5831399e+01 9.0000010e+00
         vertex 2.1928775e+01 1.5831399e+01 5.0000010e+00
         vertex 2.1230142e+01 1.7376950e+01 9.0000010e+00
      endloop
   endfacet
   facet normal 9.1122849e-01 4.1190125e-01 0.0000000e+00
      outer loop
         vertex 2.1230142e+01 1.7376950e+01 9.0000010e+00
         vertex 2.1928775e+01 1.5831399e+01 5.0000010e+00
         vertex 2.1230142e+01 1.7376950e+01 5.0000010e+00
      endloop
   endfacet
   facet normal 8.2850965e-01 5.5997479e-01 0.0000000e+00
      outer loop
         vertex 2.1230142e+01 1.7376950e+01 9.0000010e+00
         vertex 2.1230142e+01 1.7376950e+01 5.0000010e+00
         vertex 2.0280359e+01 1.8782201e+01 9.0000010e+00
      endloop
   endfacet
   facet normal 8.2850965e-01 5.5997479e-01 0.0000000e+00
      outer loop
         vertex 2.0280359e+01 1.8782201e+01 9.0000010e+00
         vertex 2.1230142e+01 1.7376950e+01 5.0000010e+00
         vertex 2.0280359e+01 1.8782201e+01 5.0000010e+00
      endloop
   endfacet
   facet normal 7.2195609e-01 6.9193887e-01 0.0000000e+00
      outer loop
         vertex 2.0280359e+01 1.8782201e+01 9.0000010e+00
         vertex 2.0280359e+01 1.8782201e+01 5.0000010e+00
         vertex 1.9106748e+01 2.0006724e+01 9.0000010e+00
      endloop
   endfacet
   facet normal 7.2195609e-01 6.9193887e-01 0.0000000e+00
      outer loop
         vertex 1.9106748e+01 2.0006724e+01 9.0000010e+00
         vertex 2.0280359e+01 1.8782201e+01 5.0000010e+00
         vertex 1.9106748e+01 2.0006724e+01 5.0000010e+00
      endloop
   endfacet
   facet normal 5.9463318e-01 8.0399713e-01 0.0000000e+00
      outer loop
         vertex 1.9106748e+01 2.0006724e+01 9.0000010e+00
         vertex 1.9106748e+01 2.0006724e+01 5.0000010e+00
         vertex 1.7743074e+01 2.1015292e+01 9.0000010e+00
      endloop
   endfacet
   facet normal 5.9463318e-01 8.0399713e-01 9.1639366e-16
      outer loop
         vertex 1.7743074e+01 2.1015292e+01 9.0000010e+00
         vertex 1.9106748e+01 2.0006724e+01 5.0000010e+00
         vertex 1.7743074e+01 2.1015292e+01 5.0000010e+00
      endloop
   endfacet
   facet normal 4.5020374e-01 8.9292586e-01 1.1862937e-15
      outer loop
         vertex 1.7743074e+01 2.1015292e+01 9.0000010e+00
         vertex 1.7743074e+01 2.1015292e+01 5.0000010e+00
         vertex 1.6228566e+01 2.1778891e+01 9.0000010e+00
      endloop
   endfacet
   facet normal 4.5020374e-01 8.9292586e-01 0.0000000e+00
      outer loop
         vertex 1.6228566e+01 2.1778891e+01 9.0000010e+00
         vertex 1.7743074e+01 2.1015292e+01 5.0000010e+00
         vertex 1.6228566e+01 2.1778891e+01 5.0000010e+00
      endloop
   endfacet
   facet normal 2.9282277e-01 9.5616673e-01 0.0000000e+00
      outer loop
         vertex 1.6228566e+01 2.1778891e+01 9.0000010e+00
         vertex 1.6228566e+01 2.1778891e+01 5.0000010e+00
         vertex 1.4606794e+01 2.2275553e+01 9.0000010e+00
      endloop
   endfacet
   facet normal 2.9282277e-01 9.5616673e-01 -2.6182676e-16
      outer loop
         vertex 1.4606794e+01 2.2275553e+01 9.0000010e+00
         vertex 1.6228566e+01 2.1778891e+01 5.0000010e+00
         vertex 1.4606794e+01 2.2275553e+01 5.0000010e+00
      endloop
   endfacet
   facet normal 1.2701782e-01 9.9190044e-01 -1.1281449e-16
      outer loop
         vertex 1.4606794e+01 2.2275553e+01 9.0000010e+00
         vertex 1.4606794e+01 2.2275553e+01 5.0000010e+00
         vertex 1.2924413e+01 2.2490991e+01 9.0000010e+00
      endloop
   endfacet
   facet normal 1.2701782e-01 9.9190044e-01 0.0000000e+00
      outer loop
         vertex 1.2924413e+01 2.2490991e+01 9.0000010e+00
         vertex 1.4606794e+01 2.2275553e+01 5.0000010e+00
         vertex 1.2924413e+01 2.2490991e+01 5.0000010e+00
      endloop
   endfacet
   facet normal -4.2441203e-02 9.9909897e-01 0.0000000e+00
      outer loop
         vertex 1.2924413e+01 2.2490991e+01 9.0000010e+00
         vertex 1.2924413e+01 2.2490991e+01 5.0000010e+00
         vertex 1.1229823e+01 2.2419005e+01 9.0000010e+00
      endloop
   endfacet
   facet normal -4.2441203e-02 9.9909897e-01 5.7274604e-17
      outer loop
         vertex 1.1229823e+01 2.2419005e+01 9.0000010e+00
         vertex 1.2924413e+01 2.2490991e+01 5.0000010e+00
         vertex 1.1229823e+01 2.2419005e+01 5.0000010e+00
      endloop
   endfacet
   facet normal -2.1067927e-01 9.7755524e-01 2.8068117e-16
      outer loop
         vertex 1.1229823e+01 2.2419005e+01 9.0000010e+00
         vertex 1.1229823e+01 2.2419005e+01 5.0000010e+00
         vertex 9.5717733e+00 2.2061668e+01 9.0000010e+00
      endloop
   endfacet
   facet normal -2.1067927e-01 9.7755524e-01 0.0000000e+00
      outer loop
         vertex 9.5717733e+00 2.2061668e+01 9.0000010e+00
         vertex 1.1229823e+01 2.2419005e+01 5.0000010e+00
         vertex 9.5717733e+00 2.2061668e+01 5.0000010e+00
      endloop
   endfacet
   facet normal -3.7285648e-01 9.2788903e-01 0.0000000e+00
      outer loop
         vertex 9.5717733e+00 2.2061668e+01 9.0000010e+00
         vertex 9.5717733e+00 2.2061668e+01 5.0000010e+00
         vertex 7.9979636e+00 2.1429260e+01 9.0000010e+00
      endloop
   endfacet
   facet normal -3.7285648e-01 9.2788903e-01 0.0000000e+00
      outer loop
         vertex 7.9979636e+00 2.1429260e+01 9.0000010e+00
         vertex 9.5717733e+00 2.2061668e+01 5.0000010e+00
         vertex 7.9979636e+00 2.1429260e+01 5.0000010e+00
      endloop
   endfacet
   facet normal -5.2430728e-01 8.5152914e-01 0.0000000e+00
      outer loop
         vertex 7.9979636e+00 2.1429260e+01 9.0000010e+00
         vertex 7.9979636e+00 2.1429260e+01 5.0000010e+00
         vertex 6.5536692e+00 2.0539972e+01 9.0000010e+00
      endloop
   endfacet
   facet normal -5.2430728e-01 8.5152914e-01 1.0473070e-15
      outer loop
         vertex 6.5536692e+00 2.0539972e+01 9.0000010e+00
         vertex 7.9979636e+00 2.1429260e+01 5.0000010e+00
         vertex 6.5536692e+00 2.0539972e+01 5.0000010e+00
      endloop
   endfacet
   facet normal -6.6067472e-01 7.5067231e-01 7.4666485e-16
      outer loop
         vertex 6.5536692e+00 2.0539972e+01 9.0000010e+00
         vertex 6.5536692e+00 2.0539972e+01 5.0000010e+00
         vertex 5.2804401e+00 1.9419390e+01 9.0000010e+00
      endloop
   endfacet
   facet normal -6.6067472e-01 7.5067231e-01 0.0000000e+00
      outer loop
         vertex 5.2804401e+00 1.9419390e+01 9.0000010e+00
         vertex 6.5536692e+00 2.0539972e+01 5.0000010e+00
         vertex 5.2804401e+00 1.9419390e+01 5.0000010e+00
      endloop
   endfacet
   facet normal -7.7803575e-01 6.2822000e-01 0.0000000e+00
      outer loop
         vertex 5.2804401e+00 1.9419390e+01 9.0000010e+00
         vertex 5.2804401e+00 1.9419390e+01 5.0000010e+00
         vertex 4.2149045e+00 1.8099749e+01 9.0000010e+00
      endloop
   endfacet
   facet normal -7.7803575e-01 6.2822000e-01 0.0000000e+00
      outer loop
         vertex 4.2149045e+00 1.8099749e+01 9.0000010e+00
         vertex 5.2804401e+00 1.9419390e+01 5.0000010e+00
         vertex 4.2149045e+00 1.8099749e+01 5.0000010e+00
      endloop
   endfacet
   facet normal -8.7301411e-01 4.8769494e-01 0.0000000e+00
      outer loop
         vertex 4.2149045e+00 1.8099749e+01 9.0000010e+00
         vertex 4.2149045e+00 1.8099749e+01 5.0000010e+00
         vertex 3.3877161e+00 1.6619013e+01 9.0000010e+00
      endloop
   endfacet
   facet normal -8.7301411e-01 4.8769494e-01 0.0000000e+00
      outer loop
         vertex 3.3877161e+00 1.6619013e+01 9.0000010e+00
         vertex 4.2149045e+00 1.8099749e+01 5.0000010e+00
         vertex 3.3877161e+00 1.6619013e+01 5.0000010e+00
      endloop
   endfacet
   facet normal -9.4287745e-01 3.3313979e-01 0.0000000e+00
      outer loop
         vertex 3.3877161e+00 1.6619013e+01 9.0000010e+00
         vertex 3.3877161e+00 1.6619013e+01 5.0000010e+00
         vertex 2.8226715e+00 1.5019782e+01 9.0000010e+00
      endloop
   endfacet
   facet normal -9.4287745e-01 3.3313979e-01 -1.6364173e-17
      outer loop
         vertex 2.8226715e+00 1.5019782e+01 9.0000010e+00
         vertex 3.3877161e+00 1.6619013e+01 5.0000010e+00
         vertex 2.8226715e+00 1.5019782e+01 5.0000010e+00
      endloop
   endfacet
   facet normal -9.8561591e-01 1.6900082e-01 2.1254707e-16
      outer loop
         vertex 2.8226715e+00 1.5019782e+01 9.0000010e+00
         vertex 2.8226715e+00 1.5019782e+01 5.0000010e+00
         vertex 2.5360261e+00 1.3348060e+01 9.0000010e+00
      endloop
   endfacet
   facet normal -9.8561591e-01 1.6900082e-01 -1.4727755e-16
      outer loop
         vertex 2.5360261e+00 1.3348060e+01 9.0000010e+00
         vertex 2.8226715e+00 1.5019782e+01 5.0000010e+00
         vertex 2.5360261e+00 1.3348060e+01 5.0000010e+00
      endloop
   endfacet
   facet normal -1.0000000e+00 -0.0000000e+00 0.0000000e+00
      outer loop
         vertex 2.5360261e+00 1.3348060e+01 9.0000010e+00
         vertex 2.5360261e+00 1.3348060e+01 5.0000010e+00
         vertex 2.5360261e+00 1.1651942e+01 9.0000010e+00
      endloop
   endfacet
   facet normal -1.0000000e+00 -0.0000000e+00 -0.0000000e+00
      outer loop
         vertex 2.5360261e+00 1.1651942e+01 9.0000010e+00
         vertex 2.5360261e+00 1.3348060e+01 5.0000010e+00
         vertex 2.5360261e+00 1.1651942e+01 5.0000010e+00
      endloop
   endfacet
   facet normal -9.8561591e-01 -1.6900082e-01 1.5010288e-16
      outer loop
         vertex 2.5360261e+00 1.1651942e+01 9.0000010e+00
         vertex 2.5360261e+00 1.1651942e+01 5.0000010e+00
         vertex 2.8226715e+00 9.9802204e+00 9.0000010e+00
      endloop
   endfacet
   facet normal -9.8561591e-01 -1.6900082e-01 -2.1273424e-16
      outer loop
         vertex 2.8226715e+00 9.9802204e+00 9.0000010e+00
         vertex 2.5360261e+00 1.1651942e+01 5.0000010e+00
         vertex 2.8226715e+00 9.9802204e+00 5.0000010e+00
      endloop
   endfacet
   facet normal -9.4287745e-01 -3.3313979e-01 2.5109665e-17
      outer loop
         vertex 2.8226715e+00 9.9802204e+00 9.0000010e+00
         vertex 2.8226715e+00 9.9802204e+00 5.0000010e+00
         vertex 3.3877161e+00 8.3809885e+00 9.0000010e+00
      endloop
   endfacet
   facet normal -9.4287745e-01 -3.3313979e-01 0.0000000e+00
      outer loop
         vertex 3.3877161e+00 8.3809885e+00 9.0000010e+00
         vertex 2.8226715e+00 9.9802204e+00 5.0000010e+00
         vertex 3.3877161e+00 8.3809885e+00 5.0000010e+00
      endloop
   endfacet
   facet normal -8.7301411e-01 -4.8769494e-01 -0.0000000e+00
      outer loop
         vertex 3.3877161e+00 8.3809885e+00 9.0000010e+00
         vertex 3.3877161e+00 8.3809885e+00 5.0000010e+00
         vertex 4.2149045e+00 6.9002531e+00 9.0000010e+00
      endloop
   endfacet
   facet normal -8.7301411e-01 -4.8769494e-01 0.0000000e+00
      outer loop
         vertex 4.2149045e+00 6.9002531e+00 9.0000010e+00
         vertex 3.3877161e+00 8.3809885e+00 5.0000010e+00
         vertex 4.2149045e+00 6.9002531e+00 5.0000010e+00
      endloop
   endfacet
   facet normal -7.7803575e-01 -6.2822000e-01 -0.0000000e+00
      outer loop
         vertex 4.2149045e+00 6.9002531e+00 9.0000010e+00
         vertex 4.2149045e+00 6.9002531e+00 5.0000010e+00
         vertex 5.2804401e+00 5.5806123e+00 9.0000010e+00
      endloop
   endfacet
   facet normal -7.7803575e-01 -6.2822000e-01 0.0000000e+00
      outer loop
         vertex 5.2804401e+00 5.5806123e+00 9.0000010e+00
         vertex 4.2149045e+00 6.9002531e+00 5.0000010e+00
         vertex 5.2804401e+00 5.5806123e+00 5.0000010e+00
      endloop
   endfacet
   facet normal -6.6067472e-01 -7.5067231e-01 -0.0000000e+00
      outer loop
         vertex 5.2804401e+00 5.5806123e+00 9.0000010e+00
         vertex 5.2804401e+00 5.5806123e+00 5.0000010e+00
         vertex 6.5536692e+00 4.4600297e+00 9.0000010e+00
      endloop
   endfacet
   facet normal -6.6067472e-01 -7.5067231e-01 -6.5456690e-17
      outer loop
         vertex 6.5536692e+00 4.4600297e+00 9.0000010e+00
         vertex 5.2804401e+00 5.5806123e+00 5.0000010e+00
         vertex 6.5536692e+00 4.4600297e+00 5.0000010e+00
      endloop
   endfacet
   facet normal -5.2430728e-01 -8.5152914e-01 -2.9063139e-16
      outer loop
         vertex 6.5536692e+00 4.4600297e+00 9.0000010e+00
         vertex 6.5536692e+00 4.4600297e+00 5.0000010e+00
         vertex 7.9979636e+00 3.5707424e+00 9.0000010e+00
      endloop
   endfacet
   facet normal -5.2430728e-01 -8.5152914e-01 0.0000000e+00
      outer loop
         vertex 7.9979636e+00 3.5707424e+00 9.0000010e+00
         vertex 6.5536692e+00 4.4600297e+00 5.0000010e+00
         vertex 7.9979636e+00 3.5707424e+00 5.0000010e+00
      endloop
   endfacet
   facet normal -3.7285648e-01 -9.2788903e-01 -0.0000000e+00
      outer loop
         vertex 7.9979636e+00 3.5707424e+00 9.0000010e+00
         vertex 7.9979636e+00 3.5707424e+00 5.0000010e+00
         vertex 9.5717733e+00 2.9383337e+00 9.0000010e+00
      endloop
   endfacet
   facet normal -3.7285648e-01 -9.2788903e-01 0.0000000e+00
      outer loop
         vertex 9.5717733e+00 2.9383337e+00 9.0000010e+00
         vertex 7.9979636e+00 3.5707424e+00 5.0000010e+00
         vertex 9.5717733e+00 2.9383337e+00 5.0000010e+00
      endloop
   endfacet
   facet normal -2.1067927e-01 -9.7755524e-01 -0.0000000e+00
      outer loop
         vertex 9.5717733e+00 2.9383337e+00 9.0000010e+00
         vertex 9.5717733e+00 2.9383337e+00 5.0000010e+00
         vertex 1.1229823e+01 2.5809966e+00 9.0000010e+00
      endloop
   endfacet
   facet normal -2.1067927e-01 -9.7755524e-01 1.4727755e-16
      outer loop
         vertex 1.1229823e+01 2.5809966e+00 9.0000010e+00
         vertex 9.5717733e+00 2.9383337e+00 5.0000010e+00
         vertex 1.1229823e+01 2.5809966e+00 5.0000010e+00
      endloop
   endfacet
   facet normal -4.2441203e-02 -9.9909897e-01 3.8714603e-16
      outer loop
         vertex 1.1229823e+01 2.5809966e+00 9.0000010e+00
         vertex 1.1229823e+01 2.5809966e+00 5.0000010e+00
         vertex 1.2924413e+01 2.5090113e+00 9.0000010e+00
      endloop
   endfacet
   facet normal -4.2441203e-02 -9.9909897e-01 0.0000000e+00
      outer loop
         vertex 1.2924413e+01 2.5090113e+00 9.0000010e+00
         vertex 1.1229823e+01 2.5809966e+00 5.0000010e+00
         vertex 1.2924413e+01 2.5090113e+00 5.0000010e+00
      endloop
   endfacet
   facet normal 1.2701782e-01 -9.9190044e-01 0.0000000e+00
      outer loop
         vertex 1.2924413e+01 2.5090113e+00 9.0000010e+00
         vertex 1.2924413e+01 2.5090113e+00 5.0000010e+00
         vertex 1.4606794e+01 2.7244486e+00 9.0000010e+00
      endloop
   endfacet
   facet normal 1.2701782e-01 -9.9190044e-01 1.1454921e-16
      outer loop
         vertex 1.4606794e+01 2.7244486e+00 9.0000010e+00
         vertex 1.2924413e+01 2.5090113e+00 5.0000010e+00
         vertex 1.4606794e+01 2.7244486e+00 5.0000010e+00
      endloop
   endfacet
   facet normal 2.9282277e-01 -9.5616673e-01 2.6007887e-16
      outer loop
         vertex 1.4606794e+01 2.7244486e+00 9.0000010e+00
         vertex 1.4606794e+01 2.7244486e+00 5.0000010e+00
         vertex 1.6228566e+01 3.2211107e+00 9.0000010e+00
      endloop
   endfacet
   facet normal 2.9282277e-01 -9.5616673e-01 0.0000000e+00
      outer loop
         vertex 1.6228566e+01 3.2211107e+00 9.0000010e+00
         vertex 1.4606794e+01 2.7244486e+00 5.0000010e+00
         vertex 1.6228566e+01 3.2211107e+00 5.0000010e+00
      endloop
   endfacet
   facet normal 4.5020374e-01 -8.9292586e-01 0.0000000e+00
      outer loop
         vertex 1.6228566e+01 3.2211107e+00 9.0000010e+00
         vertex 1.6228566e+01 3.2211107e+00 5.0000010e+00
         vertex 1.7743074e+01 3.9847096e+00 9.0000010e+00
      endloop
   endfacet
   facet normal 4.5020374e-01 -8.9292586e-01 -3.9274014e-16
      outer loop
         vertex 1.7743074e+01 3.9847096e+00 9.0000010e+00
         vertex 1.6228566e+01 3.2211107e+00 5.0000010e+00
         vertex 1.7743074e+01 3.9847096e+00 5.0000010e+00
      endloop
   endfacet
   facet normal 5.9463318e-01 -8.0399713e-01 -1.8595255e-16
      outer loop
         vertex 1.7743074e+01 3.9847096e+00 9.0000010e+00
         vertex 1.7743074e+01 3.9847096e+00 5.0000010e+00
         vertex 1.9106748e+01 4.9932779e+00 9.0000010e+00
      endloop
   endfacet
   facet normal 5.9463318e-01 -8.0399713e-01 0.0000000e+00
      outer loop
         vertex 1.9106748e+01 4.9932779e+00 9.0000010e+00
         vertex 1.7743074e+01 3.9847096e+00 5.0000010e+00
         vertex 1.9106748e+01 4.9932779e+00 5.0000010e+00
      endloop
   endfacet
   facet normal 7.2195609e-01 -6.9193887e-01 0.0000000e+00
      outer loop
         vertex 1.9106748e+01 4.9932779e+00 9.0000010e+00
         vertex 1.9106748e+01 4.9932779e+00 5.0000010e+00
         vertex 2.0280359e+01 6.2178010e+00 9.0000010e+00
      endloop
   endfacet
   facet normal 7.2195609e-01 -6.9193887e-01 0.0000000e+00
      outer loop
         vertex 2.0280359e+01 6.2178010e+00 9.0000010e+00
         vertex 1.9106748e+01 4.9932779e+00 5.0000010e+00
         vertex 2.0280359e+01 6.2178010e+00 5.0000010e+00
      endloop
   endfacet
   facet normal 8.2850965e-01 -5.5997479e-01 0.0000000e+00
      outer loop
         vertex 2.0280359e+01 6.2178010e+00 9.0000010e+00
         vertex 2.0280359e+01 6.2178010e+00 5.0000010e+00
         vertex 2.1230142e+01 7.6230516e+00 9.0000010e+00
      endloop
   endfacet
   facet normal 8.2850965e-01 -5.5997479e-01 0.0000000e+00
      outer loop
         vertex 2.1230142e+01 7.6230516e+00 9.0000010e+00
         vertex 2.0280359e+01 6.2178010e+00 5.0000010e+00
         vertex 2.1230142e+01 7.6230516e+00 5.0000010e+00
      endloop
   endfacet
   facet normal 9.1122849e-01 -4.1190125e-01 0.0000000e+00
      outer loop
         vertex 2.1230142e+01 7.6230516e+00 9.0000010e+00
         vertex 2.1230142e+01 7.6230516e+00 5.0000010e+00
         vertex 2.1928775e+01 9.1686031e+00 9.0000010e+00
      endloop
   endfacet
   facet normal 9.1122849e-01 -4.1190125e-01 0.0000000e+00
      outer loop
         vertex 2.1928775e+01 9.1686031e+00 9.0000010e+00
         vertex 2.1230142e+01 7.6230516e+00 5.0000010e+00
         vertex 2.1928775e+01 9.1686031e+00 5.0000010e+00
      endloop
   endfacet
   facet normal 9.6773295e-01 -2.5197806e-01 0.0000000e+00
      outer loop
         vertex 2.1928775e+01 9.1686031e+00 9.0000010e+00
         vertex 2.1928775e+01 9.1686031e+00 5.0000010e+00
         vertex 2.2356160e+01 1.0809993e+01 9.0000010e+00
      endloop
   endfacet
   facet normal 9.6773295e-01 -2.5197806e-01 6.3820273e-16
      outer loop
         vertex 2.2356160e+01 1.0809993e+01 9.0000010e+00
         vertex 2.1928775e+01 9.1686031e+00 5.0000010e+00
         vertex 2.2356160e+01 1.0809993e+01 5.0000010e+00
      endloop
   endfacet
   facet normal -0.0000000e+00 0.0000000e+00 1.0000000e+00
      outer loop
         vertex 1.1061692e+01 5.0373429e+00 9.0000010e+00
         vertex 1.1229823e+01 2.5809966e+00 9.0000010e+00
         vertex 1.2500001e+01 4.9000010e+00 9.0000010e+00
      endloop
   endfacet
   facet normal 0.0000000e+00 0.0000000e+00 1.0000000e+00
      outer loop
         vertex 1.2500001e+01 4.9000010e+00 9.0000010e+00
         vertex 1.1229823e+01 2.5809966e+00 9.0000010e+00
         vertex 1.2924413e+01 2.5090113e+00 9.0000010e+00
      endloop
   endfacet
   facet normal -0.0000000e+00 0.0000000e+00 1.0000000e+00
      outer loop
         vertex 1.2500001e+01 4.9000010e+00 9.0000010e+00
         vertex 1.2924413e+01 2.5090113e+00 9.0000010e+00
         vertex 1.3938310e+01 5.0373429e+00 9.0000010e+00
      endloop
   endfacet
   facet normal -0.0000000e+00 0.0000000e+00 1.0000000e+00
      outer loop
         vertex 1.3938310e+01 5.0373429e+00 9.0000010e+00
         vertex 1.2924413e+01 2.5090113e+00 9.0000010e+00
         vertex 1.4606794e+01 2.7244486e+00 9.0000010e+00
      endloop
   endfacet
   facet normal -0.0000000e+00 0.0000000e+00 1.0000000e+00
      outer loop
         vertex 1.3938310e+01 5.0373429e+00 9.0000010e+00
         vertex 1.4606794e+01 2.7244486e+00 9.0000010e+00
         vertex 1.5324636e+01 5.4444047e+00 9.0000010e+00
      endloop
   endfacet
   facet normal -0.0000000e+00 0.0000000e+00 1.0000000e+00
      outer loop
         vertex 1.5324636e+01 5.4444047e+00 9.0000010e+00
         vertex 1.4606794e+01 2.7244486e+00 9.0000010e+00
         vertex 1.6228566e+01 3.2211107e+00 9.0000010e+00
      endloop
   endfacet
   facet normal -0.0000000e+00 0.0000000e+00 1.0000000e+00
      outer loop
         vertex 1.5324636e+01 5.4444047e+00 9.0000010e+00
         vertex 1.6228566e+01 3.2211107e+00 9.0000010e+00
         vertex 1.7743074e+01 3.9847096e+00 9.0000010e+00
      endloop
   endfacet
   facet normal 0.0000000e+00 0.0000000e+00 1.0000000e+00
      outer loop
         vertex 1.1229823e+01 2.5809966e+00 9.0000010e+00
         vertex 1.1061692e+01 5.0373429e+00 9.0000010e+00
         vertex 9.5717733e+00 2.9383337e+00 9.0000010e+00
      endloop
   endfacet
   facet normal 0.0000000e+00 -0.0000000e+00 1.0000000e+00
      outer loop
         vertex 9.5717733e+00 2.9383337e+00 9.0000010e+00
         vertex 1.1061692e+01 5.0373429e+00 9.0000010e+00
         vertex 9.6753663e+00 5.4444047e+00 9.0000010e+00
      endloop
   endfacet
   facet normal 0.0000000e+00 -0.0000000e+00 1.0000000e+00
      outer loop
         vertex 9.5717733e+00 2.9383337e+00 9.0000010e+00
         vertex 9.6753663e+00 5.4444047e+00 9.0000010e+00
         vertex 7.9979636e+00 3.5707424e+00 9.0000010e+00
      endloop
   endfacet
   facet normal 0.0000000e+00 -0.0000000e+00 1.0000000e+00
      outer loop
         vertex 7.9979636e+00 3.5707424e+00 9.0000010e+00
         vertex 9.6753663e+00 5.4444047e+00 9.0000010e+00
         vertex 8.3911308e+00 6.1064742e+00 9.0000010e+00
      endloop
   endfacet
   facet normal 0.0000000e+00 -0.0000000e+00 1.0000000e+00
      outer loop
         vertex 7.9979636e+00 3.5707424e+00 9.0000010e+00
         vertex 8.3911308e+00 6.1064742e+00 9.0000010e+00
         vertex 6.5536692e+00 4.4600297e+00 9.0000010e+00
      endloop
   endfacet
   facet normal 0.0000000e+00 -0.0000000e+00 1.0000000e+00
      outer loop
         vertex 6.5536692e+00 4.4600297e+00 9.0000010e+00
         vertex 8.3911308e+00 6.1064742e+00 9.0000010e+00
         vertex 7.2554005e+00 6.9996223e+00 9.0000010e+00
      endloop
   endfacet
   facet normal 0.0000000e+00 -0.0000000e+00 1.0000000e+00
      outer loop
         vertex 6.5536692e+00 4.4600297e+00 9.0000010e+00
         vertex 7.2554005e+00 6.9996223e+00 9.0000010e+00
         vertex 5.2804401e+00 5.5806123e+00 9.0000010e+00
      endloop
   endfacet
   facet normal 0.0000000e+00 -0.0000000e+00 1.0000000e+00
      outer loop
         vertex 5.2804401e+00 5.5806123e+00 9.0000010e+00
         vertex 7.2554005e+00 6.9996223e+00 9.0000010e+00
         vertex 6.3092238e+00 8.0915685e+00 9.0000010e+00
      endloop
   endfacet
   facet normal 0.0000000e+00 -0.0000000e+00 1.0000000e+00
      outer loop
         vertex 5.2804401e+00 5.5806123e+00 9.0000010e+00
         vertex 6.3092238e+00 8.0915685e+00 9.0000010e+00
         vertex 4.2149045e+00 6.9002531e+00 9.0000010e+00
      endloop
   endfacet
   facet normal 0.0000000e+00 -0.0000000e+00 1.0000000e+00
      outer loop
         vertex 4.2149045e+00 6.9002531e+00 9.0000010e+00
         vertex 6.3092238e+00 8.0915685e+00 9.0000010e+00
         vertex 5.5867978e+00 9.3428469e+00 9.0000010e+00
      endloop
   endfacet
   facet normal 0.0000000e+00 -0.0000000e+00 1.0000000e+00
      outer loop
         vertex 4.2149045e+00 6.9002531e+00 9.0000010e+00
         vertex 5.5867978e+00 9.3428469e+00 9.0000010e+00
         vertex 3.3877161e+00 8.3809885e+00 9.0000010e+00
      endloop
   endfacet
   facet normal 0.0000000e+00 -0.0000000e+00 1.0000000e+00
      outer loop
         vertex 3.3877161e+00 8.3809885e+00 9.0000010e+00
         vertex 5.5867978e+00 9.3428469e+00 9.0000010e+00
         vertex 2.8226715e+00 9.9802204e+00 9.0000010e+00
      endloop
   endfacet
   facet normal -0.0000000e+00 -0.0000000e+00 1.0000000e+00
      outer loop
         vertex 2.8226715e+00 9.9802204e+00 9.0000010e+00
         vertex 5.5867978e+00 9.3428469e+00 9.0000010e+00
         vertex 5.1142331e+00 1.0708233e+01 9.0000010e+00
      endloop
   endfacet
   facet normal 0.0000000e+00 -0.0000000e+00 1.0000000e+00
      outer loop
         vertex 2.8226715e+00 9.9802204e+00 9.0000010e+00
         vertex 5.1142331e+00 1.0708233e+01 9.0000010e+00
         vertex 2.5360261e+00 1.1651942e+01 9.0000010e+00
      endloop
   endfacet
   facet normal -0.0000000e+00 -0.0000000e+00 1.0000000e+00
      outer loop
         vertex 2.5360261e+00 1.1651942e+01 9.0000010e+00
         vertex 5.1142331e+00 1.0708233e+01 9.0000010e+00
         vertex 4.9086092e+00 1.2138378e+01 9.0000010e+00
      endloop
   endfacet
   facet normal 0.0000000e+00 -0.0000000e+00 1.0000000e+00
      outer loop
         vertex 2.5360261e+00 1.1651942e+01 9.0000010e+00
         vertex 4.9086092e+00 1.2138378e+01 9.0000010e+00
         vertex 2.5360261e+00 1.3348060e+01 9.0000010e+00
      endloop
   endfacet
   facet normal -0.0000000e+00 0.0000000e+00 1.0000000e+00
      outer loop
         vertex 2.5360261e+00 1.3348060e+01 9.0000010e+00
         vertex 4.9086092e+00 1.2138378e+01 9.0000010e+00
         vertex 4.9773580e+00 1.3581594e+01 9.0000010e+00
      endloop
   endfacet
   facet normal 0.0000000e+00 -0.0000000e+00 1.0000000e+00
      outer loop
         vertex 2.5360261e+00 1.3348060e+01 9.0000010e+00
         vertex 4.9773580e+00 1.3581594e+01 9.0000010e+00
         vertex 2.8226715e+00 1.5019782e+01 9.0000010e+00
      endloop
   endfacet
   facet normal -0.0000000e+00 0.0000000e+00 1.0000000e+00
      outer loop
         vertex 2.8226715e+00 1.5019782e+01 9.0000010e+00
         vertex 4.9773580e+00 1.3581594e+01 9.0000010e+00
         vertex 5.3179948e+00 1.4985718e+01 9.0000010e+00
      endloop
   endfacet
   facet normal -0.0000000e+00 -0.0000000e+00 1.0000000e+00
      outer loop
         vertex 2.8226715e+00 1.5019782e+01 9.0000010e+00
         vertex 5.3179948e+00 1.4985718e+01 9.0000010e+00
         vertex 3.3877161e+00 1.6619013e+01 9.0000010e+00
      endloop
   endfacet
   facet normal -0.0000000e+00 0.0000000e+00 1.0000000e+00
      outer loop
         vertex 3.3877161e+00 1.6619013e+01 9.0000010e+00
         vertex 5.3179948e+00 1.4985718e+01 9.0000010e+00
         vertex 5.9182079e+00 1.6300001e+01 9.0000010e+00
      endloop
   endfacet
   facet normal -0.0000000e+00 -0.0000000e+00 1.0000000e+00
      outer loop
         vertex 3.3877161e+00 1.6619013e+01 9.0000010e+00
         vertex 5.9182079e+00 1.6300001e+01 9.0000010e+00
         vertex 4.2149045e+00 1.8099749e+01 9.0000010e+00
      endloop
   endfacet
   facet normal -0.0000000e+00 0.0000000e+00 1.0000000e+00
      outer loop
         vertex 4.2149045e+00 1.8099749e+01 9.0000010e+00
         vertex 5.9182079e+00 1.6300001e+01 9.0000010e+00
         vertex 6.7563042e+00 1.7476943e+01 9.0000010e+00
      endloop
   endfacet
   facet normal -0.0000000e+00 -0.0000000e+00 1.0000000e+00
      outer loop
         vertex 4.2149045e+00 1.8099749e+01 9.0000010e+00
         vertex 6.7563042e+00 1.7476943e+01 9.0000010e+00
         vertex 5.2804401e+00 1.9419390e+01 9.0000010e+00
      endloop
   endfacet
   facet normal -0.0000000e+00 0.0000000e+00 1.0000000e+00
      outer loop
         vertex 5.2804401e+00 1.9419390e+01 9.0000010e+00
         vertex 6.7563042e+00 1.7476943e+01 9.0000010e+00
         vertex 7.8019927e+00 1.8474005e+01 9.0000010e+00
      endloop
   endfacet
   facet normal -0.0000000e+00 -0.0000000e+00 1.0000000e+00
      outer loop
         vertex 5.2804401e+00 1.9419390e+01 9.0000010e+00
         vertex 7.8019927e+00 1.8474005e+01 9.0000010e+00
         vertex 6.5536692e+00 2.0539972e+01 9.0000010e+00
      endloop
   endfacet
   facet normal -0.0000000e+00 0.0000000e+00 1.0000000e+00
      outer loop
         vertex 6.5536692e+00 2.0539972e+01 9.0000010e+00
         vertex 7.8019927e+00 1.8474005e+01 9.0000010e+00
         vertex 9.0174794e+00 1.9255150e+01 9.0000010e+00
      endloop
   endfacet
   facet normal -0.0000000e+00 -0.0000000e+00 1.0000000e+00
      outer loop
         vertex 6.5536692e+00 2.0539972e+01 9.0000010e+00
         vertex 9.0174794e+00 1.9255150e+01 9.0000010e+00
         vertex 7.9979636e+00 2.1429260e+01 9.0000010e+00
      endloop
   endfacet
   facet normal -0.0000000e+00 0.0000000e+00 1.0000000e+00
      outer loop
         vertex 7.9979636e+00 2.1429260e+01 9.0000010e+00
         vertex 9.0174794e+00 1.9255150e+01 9.0000010e+00
         vertex 9.5717733e+00 2.2061668e+01 9.0000010e+00
      endloop
   endfacet
   facet normal -0.0000000e+00 0.0000000e+00 1.0000000e+00
      outer loop
         vertex 9.5717733e+00 2.2061668e+01 9.0000010e+00
         vertex 9.0174794e+00 1.9255150e+01 9.0000010e+00
         vertex 1.0358834e+01 1.9792148e+01 9.0000010e+00
      endloop
   endfacet
   facet normal -0.0000000e+00 0.0000000e+00 1.0000000e+00
      outer loop
         vertex 9.5717733e+00 2.2061668e+01 9.0000010e+00
         vertex 1.0358834e+01 1.9792148e+01 9.0000010e+00
         vertex 1.1229823e+01 2.2419005e+01 9.0000010e+00
      endloop
   endfacet
   facet normal -0.0000000e+00 0.0000000e+00 1.0000000e+00
      outer loop
         vertex 1.1229823e+01 2.2419005e+01 9.0000010e+00
         vertex 1.0358834e+01 1.9792148e+01 9.0000010e+00
         vertex 1.1777575e+01 2.0065588e+01 9.0000010e+00
      endloop
   endfacet
   facet normal -0.0000000e+00 0.0000000e+00 1.0000000e+00
      outer loop
         vertex 1.1229823e+01 2.2419005e+01 9.0000010e+00
         vertex 1.1777575e+01 2.0065588e+01 9.0000010e+00
         vertex 1.2924413e+01 2.2490991e+01 9.0000010e+00
      endloop
   endfacet
   facet normal -0.0000000e+00 0.0000000e+00 1.0000000e+00
      outer loop
         vertex 1.2924413e+01 2.2490991e+01 9.0000010e+00
         vertex 1.1777575e+01 2.0065588e+01 9.0000010e+00
         vertex 1.3222427e+01 2.0065588e+01 9.0000010e+00
      endloop
   endfacet
   facet normal -0.0000000e+00 0.0000000e+00 1.0000000e+00
      outer loop
         vertex 1.2924413e+01 2.2490991e+01 9.0000010e+00
         vertex 1.3222427e+01 2.0065588e+01 9.0000010e+00
         vertex 1.4606794e+01 2.2275553e+01 9.0000010e+00
      endloop
   endfacet
   facet normal 0.0000000e+00 0.0000000e+00 1.0000000e+00
      outer loop
         vertex 1.4606794e+01 2.2275553e+01 9.0000010e+00
         vertex 1.3222427e+01 2.0065588e+01 9.0000010e+00
         vertex 1.4641168e+01 1.9792148e+01 9.0000010e+00
      endloop
   endfacet
   facet normal -0.0000000e+00 0.0000000e+00 1.0000000e+00
      outer loop
         vertex 1.4606794e+01 2.2275553e+01 9.0000010e+00
         vertex 1.4641168e+01 1.9792148e+01 9.0000010e+00
         vertex 1.6228566e+01 2.1778891e+01 9.0000010e+00
      endloop
   endfacet
   facet normal 0.0000000e+00 0.0000000e+00 1.0000000e+00
      outer loop
         vertex 1.6228566e+01 2.1778891e+01 9.0000010e+00
         vertex 1.4641168e+01 1.9792148e+01 9.0000010e+00
         vertex 1.5982523e+01 1.9255150e+01 9.0000010e+00
      endloop
   endfacet
   facet normal -0.0000000e+00 0.0000000e+00 1.0000000e+00
      outer loop
         vertex 1.6228566e+01 2.1778891e+01 9.0000010e+00
         vertex 1.5982523e+01 1.9255150e+01 9.0000010e+00
         vertex 1.7743074e+01 2.1015292e+01 9.0000010e+00
      endloop
   endfacet
   facet normal 0.0000000e+00 0.0000000e+00 1.0000000e+00
      outer loop
         vertex 1.7743074e+01 2.1015292e+01 9.0000010e+00
         vertex 1.5982523e+01 1.9255150e+01 9.0000010e+00
         vertex 1.7198009e+01 1.8474005e+01 9.0000010e+00
      endloop
   endfacet
   facet normal -0.0000000e+00 0.0000000e+00 1.0000000e+00
      outer loop
         vertex 1.7743074e+01 2.1015292e+01 9.0000010e+00
         vertex 1.7198009e+01 1.8474005e+01 9.0000010e+00
         vertex 1.9106748e+01 2.0006724e+01 9.0000010e+00
      endloop
   endfacet
   facet normal 0.0000000e+00 0.0000000e+00 1.0000000e+00
      outer loop
         vertex 1.9106748e+01 2.0006724e+01 9.0000010e+00
         vertex 1.7198009e+01 1.8474005e+01 9.0000010e+00
         vertex 1.8243698e+01 1.7476943e+01 9.0000010e+00
      endloop
   endfacet
   facet normal -0.0000000e+00 0.0000000e+00 1.0000000e+00
      outer loop
         vertex 1.9106748e+01 2.0006724e+01 9.0000010e+00
         vertex 1.8243698e+01 1.7476943e+01 9.0000010e+00
         vertex 2.0280359e+01 1.8782201e+01 9.0000010e+00
      endloop
   endfacet
   facet normal 0.0000000e+00 0.0000000e+00 1.0000000e+00
      outer loop
         vertex 2.0280359e+01 1.8782201e+01 9.0000010e+00
         vertex 1.8243698e+01 1.7476943e+01 9.0000010e+00
         vertex 1.9081794e+01 1.6300001e+01 9.0000010e+00
      endloop
   endfacet
   facet normal -0.0000000e+00 0.0000000e+00 1.0000000e+00
      outer loop
         vertex 2.0280359e+01 1.8782201e+01 9.0000010e+00
         vertex 1.9081794e+01 1.6300001e+01 9.0000010e+00
         vertex 2.1230142e+01 1.7376950e+01 9.0000010e+00
      endloop
   endfacet
   facet normal 0.0000000e+00 0.0000000e+00 1.0000000e+00
      outer loop
         vertex 2.1230142e+01 1.7376950e+01 9.0000010e+00
         vertex 1.9081794e+01 1.6300001e+01 9.0000010e+00
         vertex 1.9682007e+01 1.4985718e+01 9.0000010e+00
      endloop
   endfacet
   facet normal -0.0000000e+00 0.0000000e+00 1.0000000e+00
      outer loop
         vertex 2.1230142e+01 1.7376950e+01 9.0000010e+00
         vertex 1.9682007e+01 1.4985718e+01 9.0000010e+00
         vertex 2.1928775e+01 1.5831399e+01 9.0000010e+00
      endloop
   endfacet
   facet normal 0.0000000e+00 0.0000000e+00 1.0000000e+00
      outer loop
         vertex 2.1928775e+01 1.5831399e+01 9.0000010e+00
         vertex 1.9682007e+01 1.4985718e+01 9.0000010e+00
         vertex 2.2356160e+01 1.4190009e+01 9.0000010e+00
      endloop
   endfacet
   facet normal 0.0000000e+00 0.0000000e+00 1.0000000e+00
      outer loop
         vertex 2.2356160e+01 1.4190009e+01 9.0000010e+00
         vertex 1.9682007e+01 1.4985718e+01 9.0000010e+00
         vertex 2.0022644e+01 1.3581594e+01 9.0000010e+00
      endloop
   endfacet
   facet normal 0.0000000e+00 0.0000000e+00 1.0000000e+00
      outer loop
         vertex 2.2356160e+01 1.4190009e+01 9.0000010e+00
         vertex 2.0022644e+01 1.3581594e+01 9.0000010e+00
         vertex 2.2500001e+01 1.2500001e+01 9.0000010e+00
      endloop
   endfacet
   facet normal 0.0000000e+00 0.0000000e+00 1.0000000e+00
      outer loop
         vertex 2.2500001e+01 1.2500001e+01 9.0000010e+00
         vertex 2.0022644e+01 1.3581594e+01 9.0000010e+00
         vertex 2.0091393e+01 1.2138378e+01 9.0000010e+00
      endloop
   endfacet
   facet normal 0.0000000e+00 0.0000000e+00 1.0000000e+00
      outer loop
         vertex 2.2500001e+01 1.2500001e+01 9.0000010e+00
         vertex 2.0091393e+01 1.2138378e+01 9.0000010e+00
         vertex 2.2356160e+01 1.0809993e+01 9.0000010e+00
      endloop
   endfacet
   facet normal 0.0000000e+00 0.0000000e+00 1.0000000e+00
      outer loop
         vertex 2.2356160e+01 1.0809993e+01 9.0000010e+00
         vertex 2.0091393e+01 1.2138378e+01 9.0000010e+00
         vertex 1.9885769e+01 1.0708233e+01 9.0000010e+00
      endloop
   endfacet
   facet normal 0.0000000e+00 0.0000000e+00 1.0000000e+00
      outer loop
         vertex 2.2356160e+01 1.0809993e+01 9.0000010e+00
         vertex 1.9885769e+01 1.0708233e+01 9.0000010e+00
         vertex 2.1928775e+01 9.1686031e+00 9.0000010e+00
      endloop
   endfacet
   facet normal 0.0000000e+00 0.0000000e+00 1.0000000e+00
      outer loop
         vertex 2.1928775e+01 9.1686031e+00 9.0000010e+00
         vertex 1.9885769e+01 1.0708233e+01 9.0000010e+00
         vertex 1.9413204e+01 9.3428469e+00 9.0000010e+00
      endloop
   endfacet
   facet normal 0.0000000e+00 0.0000000e+00 1.0000000e+00
      outer loop
         vertex 2.1928775e+01 9.1686031e+00 9.0000010e+00
         vertex 1.9413204e+01 9.3428469e+00 9.0000010e+00
         vertex 2.1230142e+01 7.6230516e+00 9.0000010e+00
      endloop
   endfacet
   facet normal 0.0000000e+00 0.0000000e+00 1.0000000e+00
      outer loop
         vertex 2.1230142e+01 7.6230516e+00 9.0000010e+00
         vertex 1.9413204e+01 9.3428469e+00 9.0000010e+00
         vertex 1.8690778e+01 8.0915685e+00 9.0000010e+00
      endloop
   endfacet
   facet normal 0.0000000e+00 0.0000000e+00 1.0000000e+00
      outer loop
         vertex 2.1230142e+01 7.6230516e+00 9.0000010e+00
         vertex 1.8690778e+01 8.0915685e+00 9.0000010e+00
         vertex 2.0280359e+01 6.2178010e+00 9.0000010e+00
      endloop
   endfacet
   facet normal 0.0000000e+00 0.0000000e+00 1.0000000e+00
      outer loop
         vertex 2.0280359e+01 6.2178010e+00 9.0000010e+00
         vertex 1.8690778e+01 8.0915685e+00 9.0000010e+00
         vertex 1.7744601e+01 6.9996223e+00 9.0000010e+00
      endloop
   endfacet
   facet normal 0.0000000e+00 0.0000000e+00 1.0000000e+00
      outer loop
         vertex 2.0280359e+01 6.2178010e+00 9.0000010e+00
         vertex 1.7744601e+01 6.9996223e+00 9.0000010e+00
         vertex 1.9106748e+01 4.9932779e+00 9.0000010e+00
      endloop
   endfacet
   facet normal 0.0000000e+00 0.0000000e+00 1.0000000e+00
      outer loop
         vertex 1.9106748e+01 4.9932779e+00 9.0000010e+00
         vertex 1.7744601e+01 6.9996223e+00 9.0000010e+00
         vertex 1.6608871e+01 6.1064742e+00 9.0000010e+00
      endloop
   endfacet
   facet normal 0.0000000e+00 0.0000000e+00 1.0000000e+00
      outer loop
         vertex 1.9106748e+01 4.9932779e+00 9.0000010e+00
         vertex 1.6608871e+01 6.1064742e+00 9.0000010e+00
         vertex 1.7743074e+01 3.9847096e+00 9.0000010e+00
      endloop
   endfacet
   facet normal 0.0000000e+00 0.0000000e+00 1.0000000e+00
      outer loop
         vertex 1.7743074e+01 3.9847096e+00 9.0000010e+00
         vertex 1.6608871e+01 6.1064742e+00 9.0000010e+00
         vertex 1.5324636e+01 5.4444047e+00 9.0000010e+00
      endloop
   endfacet
   facet normal 9.9720380e-01 -7.4730094e-02 0.0000000e+00
      outer loop
         vertex 2.4860386e+01 1.0636973e+01 5.0000010e+00
         vertex 2.4860386e+01 1.0636973e+01 1.0000000e-06
         vertex 2.5000001e+01 1.2500001e+01 5.0000010e+00
      endloop
   endfacet
   facet normal 9.9720380e-01 -7.4730094e-02 0.0000000e+00
      outer loop
         vertex 2.5000001e+01 1.2500001e+01 5.0000010e+00
         vertex 2.4860386e+01 1.0636973e+01 1.0000000e-06
         vertex 2.5000001e+01 1.2500001e+01 1.0000000e-06
      endloop
   endfacet
   facet normal 9.9720380e-01 7.4730094e-02 0.0000000e+00
      outer loop
         vertex 2.5000001e+01 1.2500001e+01 5.0000010e+00
         vertex 2.5000001e+01 1.2500001e+01 1.0000000e-06
         vertex 2.4860386e+01 1.4363029e+01 5.0000010e+00
      endloop
   endfacet
   facet normal 9.9720380e-01 7.4730094e-02 0.0000000e+00
      outer loop
         vertex 2.4860386e+01 1.4363029e+01 5.0000010e+00
         vertex 2.5000001e+01 1.2500001e+01 1.0000000e-06
         vertex 2.4860386e+01 1.4363029e+01 1.0000000e-06
      endloop
   endfacet
   facet normal 9.7492791e-01 2.2252093e-01 0.0000000e+00
      outer loop
         vertex 2.4860386e+01 1.4363029e+01 5.0000010e+00
         vertex 2.4860386e+01 1.4363029e+01 1.0000000e-06
         vertex 2.4444661e+01 1.6184441e+01 5.0000010e+00
      endloop
   endfacet
   facet normal 9.7492791e-01 2.2252093e-01 0.0000000e+00
      outer loop
         vertex 2.4444661e+01 1.6184441e+01 5.0000010e+00
         vertex 2.4860386e+01 1.4363029e+01 1.0000000e-06
         vertex 2.4444661e+01 1.6184441e+01 1.0000000e-06
      endloop
   endfacet
   facet normal 9.3087375e-01 3.6534102e-01 0.0000000e+00
      outer loop
         vertex 2.4444661e+01 1.6184441e+01 5.0000010e+00
         vertex 2.4444661e+01 1.6184441e+01 1.0000000e-06
         vertex 2.3762112e+01 1.7923548e+01 5.0000010e+00
      endloop
   endfacet
   facet normal 9.3087375e-01 3.6534102e-01 0.0000000e+00
      outer loop
         vertex 2.3762112e+01 1.7923548e+01 5.0000010e+00
         vertex 2.4444661e+01 1.6184441e+01 1.0000000e-06
         vertex 2.3762112e+01 1.7923548e+01 1.0000000e-06
      endloop
   endfacet
   facet normal 8.6602540e-01 5.0000000e-01 0.0000000e+00
      outer loop
         vertex 2.3762112e+01 1.7923548e+01 5.0000010e+00
         vertex 2.3762112e+01 1.7923548e+01 1.0000000e-06
         vertex 2.2827986e+01 1.9541502e+01 5.0000010e+00
      endloop
   endfacet
   facet normal 8.6602540e-01 5.0000000e-01 0.0000000e+00
      outer loop
         vertex 2.2827986e+01 1.9541502e+01 5.0000010e+00
         vertex 2.3762112e+01 1.7923548e+01 1.0000000e-06
         vertex 2.2827986e+01 1.9541502e+01 1.0000000e-06
      endloop
   endfacet
   facet normal 7.8183148e-01 6.2348980e-01 0.0000000e+00
      outer loop
         vertex 2.2827986e+01 1.9541502e+01 5.0000010e+00
         vertex 2.2827986e+01 1.9541502e+01 1.0000000e-06
         vertex 2.1663149e+01 2.1002160e+01 5.0000010e+00
      endloop
   endfacet
   facet normal 7.8183148e-01 6.2348980e-01 0.0000000e+00
      outer loop
         vertex 2.1663149e+01 2.1002160e+01 5.0000010e+00
         vertex 2.2827986e+01 1.9541502e+01 1.0000000e-06
         vertex 2.1663149e+01 2.1002160e+01 1.0000000e-06
      endloop
   endfacet
   facet normal 6.8017274e-01 7.3305187e-01 0.0000000e+00
      outer loop
         vertex 2.1663149e+01 2.1002160e+01 5.0000010e+00
         vertex 2.1663149e+01 2.1002160e+01 1.0000000e-06
         vertex 2.0293624e+01 2.2272895e+01 5.0000010e+00
      endloop
   endfacet
   facet normal 6.8017274e-01 7.3305187e-01 0.0000000e+00
      outer loop
         vertex 2.0293624e+01 2.2272895e+01 5.0000010e+00
         vertex 2.1663149e+01 2.1002160e+01 1.0000000e-06
         vertex 2.0293624e+01 2.2272895e+01 1.0000000e-06
      endloop
   endfacet
   facet normal 5.6332006e-01 8.2623877e-01 0.0000000e+00
      outer loop
         vertex 2.0293624e+01 2.2272895e+01 5.0000010e+00
         vertex 2.0293624e+01 2.2272895e+01 1.0000000e-06
         vertex 1.8750001e+01 2.3325319e+01 5.0000010e+00
      endloop
   endfacet
   facet normal 5.6332006e-01 8.2623877e-01 0.0000000e+00
      outer loop
         vertex 1.8750001e+01 2.3325319e+01 5.0000010e+00
         vertex 2.0293624e+01 2.2272895e+01 1.0000000e-06
         vertex 1.8750001e+01 2.3325319e+01 1.0000000e-06
      endloop
   endfacet
   facet normal 4.3388374e-01 9.0096887e-01 0.0000000e+00
      outer loop
         vertex 1.8750001e+01 2.3325319e+01 5.0000010e+00
         vertex 1.8750001e+01 2.3325319e+01 1.0000000e-06
         vertex 1.7066764e+01 2.4135923e+01 5.0000010e+00
      endloop
   endfacet
   facet normal 4.3388374e-01 9.0096887e-01 0.0000000e+00
      outer loop
         vertex 1.7066764e+01 2.4135923e+01 5.0000010e+00
         vertex 1.8750001e+01 2.3325319e+01 1.0000000e-06
         vertex 1.7066764e+01 2.4135923e+01 1.0000000e-06
      endloop
   endfacet
   facet normal 2.9475517e-01 9.5557281e-01 0.0000000e+00
      outer loop
         vertex 1.7066764e+01 2.4135923e+01 5.0000010e+00
         vertex 1.7066764e+01 2.4135923e+01 1.0000000e-06
         vertex 1.5281513e+01 2.4686600e+01 5.0000010e+00
      endloop
   endfacet
   facet normal 2.9475517e-01 9.5557281e-01 0.0000000e+00
      outer loop
         vertex 1.5281513e+01 2.4686600e+01 5.0000010e+00
         vertex 1.7066764e+01 2.4135923e+01 1.0000000e-06
         vertex 1.5281513e+01 2.4686600e+01 1.0000000e-06
      endloop
   endfacet
   facet normal 1.4904227e-01 9.8883083e-01 0.0000000e+00
      outer loop
         vertex 1.5281513e+01 2.4686600e+01 5.0000010e+00
         vertex 1.5281513e+01 2.4686600e+01 1.0000000e-06
         vertex 1.3434127e+01 2.4965048e+01 5.0000010e+00
      endloop
   endfacet
   facet normal 1.4904227e-01 9.8883083e-01 0.0000000e+00
      outer loop
         vertex 1.3434127e+01 2.4965048e+01 5.0000010e+00
         vertex 1.5281513e+01 2.4686600e+01 1.0000000e-06
         vertex 1.3434127e+01 2.4965048e+01 1.0000000e-06
      endloop
   endfacet
   facet normal 0.0000000e+00 1.0000000e+00 0.0000000e+00
      outer loop
         vertex 1.3434127e+01 2.4965048e+01 5.0000010e+00
         vertex 1.3434127e+01 2.4965048e+01 1.0000000e-06
         vertex 1.1565875e+01 2.4965048e+01 5.0000010e+00
      endloop
   endfacet
   facet normal 0.0000000e+00 1.0000000e+00 0.0000000e+00
      outer loop
         vertex 1.1565875e+01 2.4965048e+01 5.0000010e+00
         vertex 1.3434127e+01 2.4965048e+01 1.0000000e-06
         vertex 1.1565875e+01 2.4965048e+01 1.0000000e-06
      endloop
   endfacet
   facet normal -1.4904227e-01 9.8883083e-01 0.0000000e+00
      outer loop
         vertex 1.1565875e+01 2.4965048e+01 5.0000010e+00
         vertex 1.1565875e+01 2.4965048e+01 1.0000000e-06
         vertex 9.7184893e+00 2.4686600e+01 5.0000010e+00
      endloop
   endfacet
   facet normal -1.4904227e-01 9.8883083e-01 0.0000000e+00
      outer loop
         vertex 9.7184893e+00 2.4686600e+01 5.0000010e+00
         vertex 1.1565875e+01 2.4965048e+01 1.0000000e-06
         vertex 9.7184893e+00 2.4686600e+01 1.0000000e-06
      endloop
   endfacet
   facet normal -2.9475517e-01 9.5557281e-01 0.0000000e+00
      outer loop
         vertex 9.7184893e+00 2.4686600e+01 5.0000010e+00
         vertex 9.7184893e+00 2.4686600e+01 1.0000000e-06
         vertex 7.9332382e+00 2.4135923e+01 5.0000010e+00
      endloop
   endfacet
   facet normal -2.9475517e-01 9.5557281e-01 0.0000000e+00
      outer loop
         vertex 7.9332382e+00 2.4135923e+01 5.0000010e+00
         vertex 9.7184893e+00 2.4686600e+01 1.0000000e-06
         vertex 7.9332382e+00 2.4135923e+01 1.0000000e-06
      endloop
   endfacet
   facet normal -4.3388374e-01 9.0096887e-01 0.0000000e+00
      outer loop
         vertex 7.9332382e+00 2.4135923e+01 5.0000010e+00
         vertex 7.9332382e+00 2.4135923e+01 1.0000000e-06
         vertex 6.2500010e+00 2.3325319e+01 5.0000010e+00
      endloop
   endfacet
   facet normal -4.3388374e-01 9.0096887e-01 0.0000000e+00
      outer loop
         vertex 6.2500010e+00 2.3325319e+01 5.0000010e+00
         vertex 7.9332382e+00 2.4135923e+01 1.0000000e-06
         vertex 6.2500010e+00 2.3325319e+01 1.0000000e-06
      endloop
   endfacet
   facet normal -5.6332006e-01 8.2623877e-01 0.0000000e+00
      outer loop
         vertex 6.2500010e+00 2.3325319e+01 5.0000010e+00
         vertex 6.2500010e+00 2.3325319e+01 1.0000000e-06
         vertex 4.7063785e+00 2.2272895e+01 5.0000010e+00
      endloop
   endfacet
   facet normal -5.6332006e-01 8.2623877e-01 0.0000000e+00
      outer loop
         vertex 4.7063785e+00 2.2272895e+01 5.0000010e+00
         vertex 6.2500010e+00 2.3325319e+01 1.0000000e-06
         vertex 4.7063785e+00 2.2272895e+01 1.0000000e-06
      endloop
   endfacet
   facet normal -6.8017274e-01 7.3305187e-01 0.0000000e+00
      outer loop
         vertex 4.7063785e+00 2.2272895e+01 5.0000010e+00
         vertex 4.7063785e+00 2.2272895e+01 1.0000000e-06
         vertex 3.3368526e+00 2.1002160e+01 5.0000010e+00
      endloop
   endfacet
   facet normal -6.8017274e-01 7.3305187e-01 0.0000000e+00
      outer loop
         vertex 3.3368526e+00 2.1002160e+01 5.0000010e+00
         vertex 4.7063785e+00 2.2272895e+01 1.0000000e-06
         vertex 3.3368526e+00 2.1002160e+01 1.0000000e-06
      endloop
   endfacet
   facet normal -7.8183148e-01 6.2348980e-01 0.0000000e+00
      outer loop
         vertex 3.3368526e+00 2.1002160e+01 5.0000010e+00
         vertex 3.3368526e+00 2.1002160e+01 1.0000000e-06
         vertex 2.1720163e+00 1.9541502e+01 5.0000010e+00
      endloop
   endfacet
   facet normal -7.8183148e-01 6.2348980e-01 0.0000000e+00
      outer loop
         vertex 2.1720163e+00 1.9541502e+01 5.0000010e+00
         vertex 3.3368526e+00 2.1002160e+01 1.0000000e-06
         vertex 2.1720163e+00 1.9541502e+01 1.0000000e-06
      endloop
   endfacet
   facet normal -8.6602540e-01 5.0000000e-01 0.0000000e+00
      outer loop
         vertex 2.1720163e+00 1.9541502e+01 5.0000010e+00
         vertex 2.1720163e+00 1.9541502e+01 1.0000000e-06
         vertex 1.2378902e+00 1.7923548e+01 5.0000010e+00
      endloop
   endfacet
   facet normal -8.6602540e-01 5.0000000e-01 0.0000000e+00
      outer loop
         vertex 1.2378902e+00 1.7923548e+01 5.0000010e+00
         vertex 2.1720163e+00 1.9541502e+01 1.0000000e-06
         vertex 1.2378902e+00 1.7923548e+01 1.0000000e-06
      endloop
   endfacet
   facet normal -9.3087375e-01 3.6534102e-01 0.0000000e+00
      outer loop
         vertex 1.2378902e+00 1.7923548e+01 5.0000010e+00
         vertex 1.2378902e+00 1.7923548e+01 1.0000000e-06
         vertex 5.5534093e-01 1.6184441e+01 5.0000010e+00
      endloop
   endfacet
   facet normal -9.3087375e-01 3.6534102e-01 0.0000000e+00
      outer loop
         vertex 5.5534093e-01 1.6184441e+01 5.0000010e+00
         vertex 1.2378902e+00 1.7923548e+01 1.0000000e-06
         vertex 5.5534093e-01 1.6184441e+01 1.0000000e-06
      endloop
   endfacet
   facet normal -9.7492791e-01 2.2252093e-01 0.0000000e+00
      outer loop
         vertex 5.5534093e-01 1.6184441e+01 5.0000010e+00
         vertex 5.5534093e-01 1.6184441e+01 1.0000000e-06
         vertex 1.3961567e-01 1.4363029e+01 5.0000010e+00
      endloop
   endfacet
   facet normal -9.7492791e-01 2.2252093e-01 0.0000000e+00
      outer loop
         vertex 1.3961567e-01 1.4363029e+01 5.0000010e+00
         vertex 5.5534093e-01 1.6184441e+01 1.0000000e-06
         vertex 1.3961567e-01 1.4363029e+01 1.0000000e-06
      endloop
   endfacet
   facet normal -9.9720380e-01 7.4730094e-02 0.0000000e+00
      outer loop
         vertex 1.3961567e-01 1.4363029e+01 5.0000010e+00
         vertex 1.3961567e-01 1.4363029e+01 1.0000000e-06
         vertex 1.0000000e-06 1.2500001e+01 5.0000010e+00
      endloop
   endfacet
   facet normal -9.9720380e-01 7.4730094e-02 0.0000000e+00
      outer loop
         vertex 1.0000000e-06 1.2500001e+01 5.0000010e+00
         vertex 1.3961567e-01 1.4363029e+01 1.0000000e-06
         vertex 1.0000000e-06 1.2500001e+01 1.0000000e-06
      endloop
   endfacet
   facet normal -9.9720380e-01 -7.4730094e-02 -0.0000000e+00
      outer loop
         vertex 1.0000000e-06 1.2500001e+01 5.0000010e+00
         vertex 1.0000000e-06 1.2500001e+01 1.0000000e-06
         vertex 1.3961567e-01 1.0636973e+01 5.0000010e+00
      endloop
   endfacet
   facet normal -9.9720380e-01 -7.4730094e-02 0.0000000e+00
      outer loop
         vertex 1.3961567e-01 1.0636973e+01 5.0000010e+00
         vertex 1.0000000e-06 1.2500001e+01 1.0000000e-06
         vertex 1.3961567e-01 1.0636973e+01 1.0000000e-06
      endloop
   endfacet
   facet normal -9.7492791e-01 -2.2252093e-01 -0.0000000e+00
      outer loop
         vertex 1.3961567e-01 1.0636973e+01 5.0000010e+00
         vertex 1.3961567e-01 1.0636973e+01 1.0000000e-06
         vertex 5.5534093e-01 8.8155613e+00 5.0000010e+00
      endloop
   endfacet
   facet normal -9.7492791e-01 -2.2252093e-01 0.0000000e+00
      outer loop
         vertex 5.5534093e-01 8.8155613e+00 5.0000010e+00
         vertex 1.3961567e-01 1.0636973e+01 1.0000000e-06
         vertex 5.5534093e-01 8.8155613e+00 1.0000000e-06
      endloop
   endfacet
   facet normal -9.3087375e-01 -3.6534102e-01 -0.0000000e+00
      outer loop
         vertex 5.5534093e-01 8.8155613e+00 5.0000010e+00
         vertex 5.5534093e-01 8.8155613e+00 1.0000000e-06
         vertex 1.2378902e+00 7.0764543e+00 5.0000010e+00
      endloop
   endfacet
   facet normal -9.3087375e-01 -3.6534102e-01 0.0000000e+00
      outer loop
         vertex 1.2378902e+00 7.0764543e+00 5.0000010e+00
         vertex 5.5534093e-01 8.8155613e+00 1.0000000e-06
         vertex 1.2378902e+00 7.0764543e+00 1.0000000e-06
      endloop
   endfacet
   facet normal -8.6602540e-01 -5.0000000e-01 -0.0000000e+00
      outer loop
         vertex 1.2378902e+00 7.0764543e+00 5.0000010e+00
         vertex 1.2378902e+00 7.0764543e+00 1.0000000e-06
         vertex 2.1720163e+00 5.4585003e+00 5.0000010e+00
      endloop
   endfacet
   facet normal -8.6602540e-01 -5.0000000e-01 0.0000000e+00
      outer loop
         vertex 2.1720163e+00 5.4585003e+00 5.0000010e+00
         vertex 1.2378902e+00 7.0764543e+00 1.0000000e-06
         vertex 2.1720163e+00 5.4585003e+00 1.0000000e-06
      endloop
   endfacet
   facet normal -7.8183148e-01 -6.2348980e-01 -0.0000000e+00
      outer loop
         vertex 2.1720163e+00 5.4585003e+00 5.0000010e+00
         vertex 2.1720163e+00 5.4585003e+00 1.0000000e-06
         vertex 3.3368526e+00 3.9978418e+00 5.0000010e+00
      endloop
   endfacet
   facet normal -7.8183148e-01 -6.2348980e-01 0.0000000e+00
      outer loop
         vertex 3.3368526e+00 3.9978418e+00 5.0000010e+00
         vertex 2.1720163e+00 5.4585003e+00 1.0000000e-06
         vertex 3.3368526e+00 3.9978418e+00 1.0000000e-06
      endloop
   endfacet
   facet normal -6.8017274e-01 -7.3305187e-01 -0.0000000e+00
      outer loop
         vertex 3.3368526e+00 3.9978418e+00 5.0000010e+00
         vertex 3.3368526e+00 3.9978418e+00 1.0000000e-06
         vertex 4.7063785e+00 2.7271075e+00 5.0000010e+00
      endloop
   endfacet
   facet normal -6.8017274e-01 -7.3305187e-01 0.0000000e+00
      outer loop
         vertex 4.7063785e+00 2.7271075e+00 5.0000010e+00
         vertex 3.3368526e+00 3.9978418e+00 1.0000000e-06
         vertex 4.7063785e+00 2.7271075e+00 1.0000000e-06
      endloop
   endfacet
   facet normal -5.6332006e-01 -8.2623877e-01 -0.0000000e+00
      outer loop
         vertex 4.7063785e+00 2.7271075e+00 5.0000010e+00
         vertex 4.7063785e+00 2.7271075e+00 1.0000000e-06
         vertex 6.2500010e+00 1.6746835e+00 5.0000010e+00
      endloop
   endfacet
   facet normal -5.6332006e-01 -8.2623877e-01 0.0000000e+00
      outer loop
         vertex 6.2500010e+00 1.6746835e+00 5.0000010e+00
         vertex 4.7063785e+00 2.7271075e+00 1.0000000e-06
         vertex 6.2500010e+00 1.6746835e+00 1.0000000e-06
      endloop
   endfacet
   facet normal -4.3388374e-01 -9.0096887e-01 -0.0000000e+00
      outer loop
         vertex 6.2500010e+00 1.6746835e+00 5.0000010e+00
         vertex 6.2500010e+00 1.6746835e+00 1.0000000e-06
         vertex 7.9332382e+00 8.6407914e-01 5.0000010e+00
      endloop
   endfacet
   facet normal -4.3388374e-01 -9.0096887e-01 0.0000000e+00
      outer loop
         vertex 7.9332382e+00 8.6407914e-01 5.0000010e+00
         vertex 6.2500010e+00 1.6746835e+00 1.0000000e-06
         vertex 7.9332382e+00 8.6407914e-01 1.0000000e-06
      endloop
   endfacet
   facet normal -2.9475517e-01 -9.5557281e-01 -0.0000000e+00
      outer loop
         vertex 7.9332382e+00 8.6407914e-01 5.0000010e+00
         vertex 7.9332382e+00 8.6407914e-01 1.0000000e-06
         vertex 9.7184893e+00 3.1340210e-01 5.0000010e+00
      endloop
   endfacet
   facet normal -2.9475517e-01 -9.5557281e-01 0.0000000e+00
      outer loop
         vertex 9.7184893e+00 3.1340210e-01 5.0000010e+00
         vertex 7.9332382e+00 8.6407914e-01 1.0000000e-06
         vertex 9.7184893e+00 3.1340210e-01 1.0000000e-06
      endloop
   endfacet
   facet normal -1.4904227e-01 -9.8883083e-01 -0.0000000e+00
      outer loop
         vertex 9.7184893e+00 3.1340210e-01 5.0000010e+00
         vertex 9.7184893e+00 3.1340210e-01 1.0000000e-06
         vertex 1.1565875e+01 3.4953535e-02 5.0000010e+00
      endloop
   endfacet
   facet normal -1.4904227e-01 -9.8883083e-01 0.0000000e+00
      outer loop
         vertex 1.1565875e+01 3.4953535e-02 5.0000010e+00
         vertex 9.7184893e+00 3.1340210e-01 1.0000000e-06
         vertex 1.1565875e+01 3.4953535e-02 1.0000000e-06
      endloop
   endfacet
   facet normal 9.5081205e-16 -1.0000000e+00 0.0000000e+00
      outer loop
         vertex 1.1565875e+01 3.4953535e-02 5.0000010e+00
         vertex 1.1565875e+01 3.4953535e-02 1.0000000e-06
         vertex 1.3434127e+01 3.4953535e-02 5.0000010e+00
      endloop
   endfacet
   facet normal 9.5081205e-16 -1.0000000e+00 0.0000000e+00
      outer loop
         vertex 1.3434127e+01 3.4953535e-02 5.0000010e+00
         vertex 1.1565875e+01 3.4953535e-02 1.0000000e-06
         vertex 1.3434127e+01 3.4953535e-02 1.0000000e-06
      endloop
   endfacet
   facet normal 1.4904227e-01 -9.8883083e-01 0.0000000e+00
      outer loop
         vertex 1.3434127e+01 3.4953535e-02 5.0000010e+00
         vertex 1.3434127e+01 3.4953535e-02 1.0000000e-06
         vertex 1.5281513e+01 3.1340210e-01 5.0000010e+00
      endloop
   endfacet
   facet normal 1.4904227e-01 -9.8883083e-01 0.0000000e+00
      outer loop
         vertex 1.5281513e+01 3.1340210e-01 5.0000010e+00
         vertex 1.3434127e+01 3.4953535e-02 1.0000000e-06
         vertex 1.5281513e+01 3.1340210e-01 1.0000000e-06
      endloop
   endfacet
   facet normal 2.9475517e-01 -9.5557281e-01 0.0000000e+00
      outer loop
         vertex 1.5281513e+01 3.1340210e-01 5.0000010e+00
         vertex 1.5281513e+01 3.1340210e-01 1.0000000e-06
         vertex 1.7066764e+01 8.6407914e-01 5.0000010e+00
      endloop
   endfacet
   facet normal 2.9475517e-01 -9.5557281e-01 0.0000000e+00
      outer loop
         vertex 1.7066764e+01 8.6407914e-01 5.0000010e+00
         vertex 1.5281513e+01 3.1340210e-01 1.0000000e-06
         vertex 1.7066764e+01 8.6407914e-01 1.0000000e-06
      endloop
   endfacet
   facet normal 4.3388374e-01 -9.0096887e-01 0.0000000e+00
      outer loop
         vertex 1.7066764e+01 8.6407914e-01 5.0000010e+00
         vertex 1.7066764e+01 8.6407914e-01 1.0000000e-06
         vertex 1.8750001e+01 1.6746835e+00 5.0000010e+00
      endloop
   endfacet
   facet normal 4.3388374e-01 -9.0096887e-01 0.0000000e+00
      outer loop
         vertex 1.8750001e+01 1.6746835e+00 5.0000010e+00
         vertex 1.7066764e+01 8.6407914e-01 1.0000000e-06
         vertex 1.8750001e+01 1.6746835e+00 1.0000000e-06
      endloop
   endfacet
   facet normal 5.6332006e-01 -8.2623877e-01 0.0000000e+00
      outer loop
         vertex 1.8750001e+01 1.6746835e+00 5.0000010e+00
         vertex 1.8750001e+01 1.6746835e+00 1.0000000e-06
         vertex 2.0293624e+01 2.7271075e+00 5.0000010e+00
      endloop
   endfacet
   facet normal 5.6332006e-01 -8.2623877e-01 0.0000000e+00
      outer loop
         vertex 2.0293624e+01 2.7271075e+00 5.0000010e+00
         vertex 1.8750001e+01 1.6746835e+00 1.0000000e-06
         vertex 2.0293624e+01 2.7271075e+00 1.0000000e-06
      endloop
   endfacet
   facet normal 6.8017274e-01 -7.3305187e-01 0.0000000e+00
      outer loop
         vertex 2.0293624e+01 2.7271075e+00 5.0000010e+00
         vertex 2.0293624e+01 2.7271075e+00 1.0000000e-06
         vertex 2.1663149e+01 3.9978418e+00 5.0000010e+00
      endloop
   endfacet
   facet normal 6.8017274e-01 -7.3305187e-01 0.0000000e+00
      outer loop
         vertex 2.1663149e+01 3.9978418e+00 5.0000010e+00
         vertex 2.0293624e+01 2.7271075e+00 1.0000000e-06
         vertex 2.1663149e+01 3.9978418e+00 1.0000000e-06
      endloop
   endfacet
   facet normal 7.8183148e-01 -6.2348980e-01 0.0000000e+00
      outer loop
         vertex 2.1663149e+01 3.9978418e+00 5.0000010e+00
         vertex 2.1663149e+01 3.9978418e+00 1.0000000e-06
         vertex 2.2827986e+01 5.4585003e+00 5.0000010e+00
      endloop
   endfacet
   facet normal 7.8183148e-01 -6.2348980e-01 0.0000000e+00
      outer loop
         vertex 2.2827986e+01 5.4585003e+00 5.0000010e+00
         vertex 2.1663149e+01 3.9978418e+00 1.0000000e-06
         vertex 2.2827986e+01 5.4585003e+00 1.0000000e-06
      endloop
   endfacet
   facet normal 8.6602540e-01 -5.0000000e-01 0.0000000e+00
      outer loop
         vertex 2.2827986e+01 5.4585003e+00 5.0000010e+00
         vertex 2.2827986e+01 5.4585003e+00 1.0000000e-06
         vertex 2.3762112e+01 7.0764543e+00 5.0000010e+00
      endloop
   endfacet
   facet normal 8.6602540e-01 -5.0000000e-01 0.0000000e+00
      outer loop
         vertex 2.3762112e+01 7.0764543e+00 5.0000010e+00
         vertex 2.2827986e+01 5.4585003e+00 1.0000000e-06
         vertex 2.3762112e+01 7.0764543e+00 1.0000000e-06
      endloop
   endfacet
   facet normal 9.3087375e-01 -3.6534102e-01 0.0000000e+00
      outer loop
         vertex 2.3762112e+01 7.0764543e+00 5.0000010e+00
         vertex 2.3762112e+01 7.0764543e+00 1.0000000e-06
         vertex 2.4444661e+01 8.8155613e+00 5.0000010e+00
      endloop
   endfacet
   facet normal 9.3087375e-01 -3.6534102e-01 0.0000000e+00
      outer loop
         vertex 2.4444661e+01 8.8155613e+00 5.0000010e+00
         vertex 2.3762112e+01 7.0764543e+00 1.0000000e-06
         vertex 2.4444661e+01 8.8155613e+00 1.0000000e-06
      endloop
   endfacet
   facet normal 9.7492791e-01 -2.2252093e-01 0.0000000e+00
      outer loop
         vertex 2.4444661e+01 8.8155613e+00 5.0000010e+00
         vertex 2.4444661e+01 8.8155613e+00 1.0000000e-06
         vertex 2.4860386e+01 1.0636973e+01 5.0000010e+00
      endloop
   endfacet
   facet normal 9.7492791e-01 -2.2252093e-01 0.0000000e+00
      outer loop
         vertex 2.4860386e+01 1.0636973e+01 5.0000010e+00
         vertex 2.4444661e+01 8.8155613e+00 1.0000000e-06
         vertex 2.4860386e+01 1.0636973e+01 1.0000000e-06
      endloop
   endfacet
   facet normal -0.0000000e+00 -0.0000000e+00 1.0000000e+00
      outer loop
         vertex 2.2356160e+01 1.0809993e+01 5.0000010e+00
         vertex 2.4860386e+01 1.0636973e+01 5.0000010e+00
         vertex 2.2500001e+01 1.2500001e+01 5.0000010e+00
      endloop
   endfacet
   facet normal -0.0000000e+00 0.0000000e+00 1.0000000e+00
      outer loop
         vertex 2.2500001e+01 1.2500001e+01 5.0000010e+00
         vertex 2.4860386e+01 1.0636973e+01 5.0000010e+00
         vertex 2.5000001e+01 1.2500001e+01 5.0000010e+00
      endloop
   endfacet
   facet normal 0.0000000e+00 -0.0000000e+00 1.0000000e+00
      outer loop
         vertex 2.2500001e+01 1.2500001e+01 5.0000010e+00
         vertex 2.5000001e+01 1.2500001e+01 5.0000010e+00
         vertex 2.4860386e+01 1.4363029e+01 5.0000010e+00
      endloop
   endfacet
   facet normal 0.0000000e+00 0.0000000e+00 1.0000000e+00
      outer loop
         vertex 2.4860386e+01 1.0636973e+01 5.0000010e+00
         vertex 2.2356160e+01 1.0809993e+01 5.0000010e+00
         vertex 2.4444661e+01 8.8155613e+00 5.0000010e+00
      endloop
   endfacet
   facet normal 0.0000000e+00 0.0000000e+00 1.0000000e+00
      outer loop
         vertex 2.4444661e+01 8.8155613e+00 5.0000010e+00
         vertex 2.2356160e+01 1.0809993e+01 5.0000010e+00
         vertex 2.1928775e+01 9.1686031e+00 5.0000010e+00
      endloop
   endfacet
   facet normal 0.0000000e+00 0.0000000e+00 1.0000000e+00
      outer loop
         vertex 2.4444661e+01 8.8155613e+00 5.0000010e+00
         vertex 2.1928775e+01 9.1686031e+00 5.0000010e+00
         vertex 2.3762112e+01 7.0764543e+00 5.0000010e+00
      endloop
   endfacet
   facet normal 0.0000000e+00 0.0000000e+00 1.0000000e+00
      outer loop
         vertex 2.3762112e+01 7.0764543e+00 5.0000010e+00
         vertex 2.1928775e+01 9.1686031e+00 5.0000010e+00
         vertex 2.1230142e+01 7.6230516e+00 5.0000010e+00
      endloop
   endfacet
   facet normal 0.0000000e+00 0.0000000e+00 1.0000000e+00
      outer loop
         vertex 2.3762112e+01 7.0764543e+00 5.0000010e+00
         vertex 2.1230142e+01 7.6230516e+00 5.0000010e+00
         vertex 2.2827986e+01 5.4585003e+00 5.0000010e+00
      endloop
   endfacet
   facet normal 0.0000000e+00 0.0000000e+00 1.0000000e+00
      outer loop
         vertex 2.2827986e+01 5.4585003e+00 5.0000010e+00
         vertex 2.1230142e+01 7.6230516e+00 5.0000010e+00
         vertex 2.0280359e+01 6.2178010e+00 5.0000010e+00
      endloop
   endfacet
   facet normal 0.0000000e+00 0.0000000e+00 1.0000000e+00
      outer loop
         vertex 2.2827986e+01 5.4585003e+00 5.0000010e+00
         vertex 2.0280359e+01 6.2178010e+00 5.0000010e+00
         vertex 2.1663149e+01 3.9978418e+00 5.0000010e+00
      endloop
   endfacet
   facet normal 0.0000000e+00 0.0000000e+00 1.0000000e+00
      outer loop
         vertex 2.1663149e+01 3.9978418e+00 5.0000010e+00
         vertex 2.0280359e+01 6.2178010e+00 5.0000010e+00
         vertex 1.9106748e+01 4.9932779e+00 5.0000010e+00
      endloop
   endfacet
   facet normal 0.0000000e+00 0.0000000e+00 1.0000000e+00
      outer loop
         vertex 2.1663149e+01 3.9978418e+00 5.0000010e+00
         vertex 1.9106748e+01 4.9932779e+00 5.0000010e+00
         vertex 2.0293624e+01 2.7271075e+00 5.0000010e+00
      endloop
   endfacet
   facet normal 0.0000000e+00 0.0000000e+00 1.0000000e+00
      outer loop
         vertex 2.0293624e+01 2.7271075e+00 5.0000010e+00
         vertex 1.9106748e+01 4.9932779e+00 5.0000010e+00
         vertex 1.7743074e+01 3.9847096e+00 5.0000010e+00
      endloop
   endfacet
   facet normal 0.0000000e+00 0.0000000e+00 1.0000000e+00
      outer loop
         vertex 2.0293624e+01 2.7271075e+00 5.0000010e+00
         vertex 1.7743074e+01 3.9847096e+00 5.0000010e+00
         vertex 1.8750001e+01 1.6746835e+00 5.0000010e+00
      endloop
   endfacet
   facet normal 0.0000000e+00 0.0000000e+00 1.0000000e+00
      outer loop
         vertex 1.8750001e+01 1.6746835e+00 5.0000010e+00
         vertex 1.7743074e+01 3.9847096e+00 5.0000010e+00
         vertex 1.6228566e+01 3.2211107e+00 5.0000010e+00
      endloop
   endfacet
   facet normal 0.0000000e+00 0.0000000e+00 1.0000000e+00
      outer loop
         vertex 1.8750001e+01 1.6746835e+00 5.0000010e+00
         vertex 1.6228566e+01 3.2211107e+00 5.0000010e+00
         vertex 1.7066764e+01 8.6407914e-01 5.0000010e+00
      endloop
   endfacet
   facet normal 0.0000000e+00 0.0000000e+00 1.0000000e+00
      outer loop
         vertex 1.7066764e+01 8.6407914e-01 5.0000010e+00
         vertex 1.6228566e+01 3.2211107e+00 5.0000010e+00
         vertex 1.5281513e+01 3.1340210e-01 5.0000010e+00
      endloop
   endfacet
   facet normal 0.0000000e+00 -0.0000000e+00 1.0000000e+00
      outer loop
         vertex 1.5281513e+01 3.1340210e-01 5.0000010e+00
         vertex 1.6228566e+01 3.2211107e+00 5.0000010e+00
         vertex 1.4606794e+01 2.7244486e+00 5.0000010e+00
      endloop
   endfacet
   facet normal 0.0000000e+00 0.0000000e+00 1.0000000e+00
      outer loop
         vertex 1.5281513e+01 3.1340210e-01 5.0000010e+00
         vertex 1.4606794e+01 2.7244486e+00 5.0000010e+00
         vertex 1.3434127e+01 3.4953535e-02 5.0000010e+00
      endloop
   endfacet
   facet normal 0.0000000e+00 -0.0000000e+00 1.0000000e+00
      outer loop
         vertex 1.3434127e+01 3.4953535e-02 5.0000010e+00
         vertex 1.4606794e+01 2.7244486e+00 5.0000010e+00
         vertex 1.2924413e+01 2.5090113e+00 5.0000010e+00
      endloop
   endfacet
   facet normal 0.0000000e+00 0.0000000e+00 1.0000000e+00
      outer loop
         vertex 1.3434127e+01 3.4953535e-02 5.0000010e+00
         vertex 1.2924413e+01 2.5090113e+00 5.0000010e+00
         vertex 1.1565875e+01 3.4953535e-02 5.0000010e+00
      endloop
   endfacet
   facet normal 0.0000000e+00 -0.0000000e+00 1.0000000e+00
      outer loop
         vertex 1.1565875e+01 3.4953535e-02 5.0000010e+00
         vertex 1.2924413e+01 2.5090113e+00 5.0000010e+00
         vertex 1.1229823e+01 2.5809966e+00 5.0000010e+00
      endloop
   endfacet
   facet normal 0.0000000e+00 0.0000000e+00 1.0000000e+00
      outer loop
         vertex 1.1565875e+01 3.4953535e-02 5.0000010e+00
         vertex 1.1229823e+01 2.5809966e+00 5.0000010e+00
         vertex 9.7184893e+00 3.1340210e-01 5.0000010e+00
      endloop
   endfacet
   facet normal 0.0000000e+00 -0.0000000e+00 1.0000000e+00
      outer loop
         vertex 9.7184893e+00 3.1340210e-01 5.0000010e+00
         vertex 1.1229823e+01 2.5809966e+00 5.0000010e+00
         vertex 9.5717733e+00 2.9383337e+00 5.0000010e+00
      endloop
   endfacet
   facet normal 0.0000000e+00 0.0000000e+00 1.0000000e+00
      outer loop
         vertex 9.7184893e+00 3.1340210e-01 5.0000010e+00
         vertex 9.5717733e+00 2.9383337e+00 5.0000010e+00
         vertex 7.9332382e+00 8.6407914e-01 5.0000010e+00
      endloop
   endfacet
   facet normal 0.0000000e+00 -0.0000000e+00 1.0000000e+00
      outer loop
         vertex 7.9332382e+00 8.6407914e-01 5.0000010e+00
         vertex 9.5717733e+00 2.9383337e+00 5.0000010e+00
         vertex 7.9979636e+00 3.5707424e+00 5.0000010e+00
      endloop
   endfacet
   facet normal 0.0000000e+00 -0.0000000e+00 1.0000000e+00
      outer loop
         vertex 7.9332382e+00 8.6407914e-01 5.0000010e+00
         vertex 7.9979636e+00 3.5707424e+00 5.0000010e+00
         vertex 6.2500010e+00 1.6746835e+00 5.0000010e+00
      endloop
   endfacet
   facet normal 0.0000000e+00 -0.0000000e+00 1.0000000e+00
      outer loop
         vertex 6.2500010e+00 1.6746835e+00 5.0000010e+00
         vertex 7.9979636e+00 3.5707424e+00 5.0000010e+00
         vertex 6.5536692e+00 4.4600297e+00 5.0000010e+00
      endloop
   endfacet
   facet normal 0.0000000e+00 -0.0000000e+00 1.0000000e+00
      outer loop
         vertex 6.2500010e+00 1.6746835e+00 5.0000010e+00
         vertex 6.5536692e+00 4.4600297e+00 5.0000010e+00
         vertex 4.7063785e+00 2.7271075e+00 5.0000010e+00
      endloop
   endfacet
   facet normal 0.0000000e+00 -0.0000000e+00 1.0000000e+00
      outer loop
         vertex 4.7063785e+00 2.7271075e+00 5.0000010e+00
         vertex 6.5536692e+00 4.4600297e+00 5.0000010e+00
         vertex 5.2804401e+00 5.5806123e+00 5.0000010e+00
      endloop
   endfacet
   facet normal 0.0000000e+00 -0.0000000e+00 1.0000000e+00
      outer loop
         vertex 4.7063785e+00 2.7271075e+00 5.0000010e+00
         vertex 5.2804401e+00 5.5806123e+00 5.0000010e+00
         vertex 3.3368526e+00 3.9978418e+00 5.0000010e+00
      endloop
   endfacet
   facet normal 0.0000000e+00 -0.0000000e+00 1.0000000e+00
      outer loop
         vertex 3.3368526e+00 3.9978418e+00 5.0000010e+00
         vertex 5.2804401e+00 5.5806123e+00 5.0000010e+00
         vertex 4.2149045e+00 6.9002531e+00 5.0000010e+00
      endloop
   endfacet
   facet normal 0.0000000e+00 -0.0000000e+00 1.0000000e+00
      outer loop
         vertex 3.3368526e+00 3.9978418e+00 5.0000010e+00
         vertex 4.2149045e+00 6.9002531e+00 5.0000010e+00
         vertex 2.1720163e+00 5.4585003e+00 5.0000010e+00
      endloop
   endfacet
   facet normal 0.0000000e+00 -0.0000000e+00 1.0000000e+00
      outer loop
         vertex 2.1720163e+00 5.4585003e+00 5.0000010e+00
         vertex 4.2149045e+00 6.9002531e+00 5.0000010e+00
         vertex 1.2378902e+00 7.0764543e+00 5.0000010e+00
      endloop
   endfacet
   facet normal -0.0000000e+00 -0.0000000e+00 1.0000000e+00
      outer loop
         vertex 1.2378902e+00 7.0764543e+00 5.0000010e+00
         vertex 4.2149045e+00 6.9002531e+00 5.0000010e+00
         vertex 3.3877161e+00 8.3809885e+00 5.0000010e+00
      endloop
   endfacet
   facet normal 0.0000000e+00 -0.0000000e+00 1.0000000e+00
      outer loop
         vertex 1.2378902e+00 7.0764543e+00 5.0000010e+00
         vertex 3.3877161e+00 8.3809885e+00 5.0000010e+00
         vertex 5.5534093e-01 8.8155613e+00 5.0000010e+00
      endloop
   endfacet
   facet normal -0.0000000e+00 -0.0000000e+00 1.0000000e+00
      outer loop
         vertex 5.5534093e-01 8.8155613e+00 5.0000010e+00
         vertex 3.3877161e+00 8.3809885e+00 5.0000010e+00
         vertex 2.8226715e+00 9.9802204e+00 5.0000010e+00
      endloop
   endfacet
   facet normal 0.0000000e+00 -0.0000000e+00 1.0000000e+00
      outer loop
         vertex 5.5534093e-01 8.8155613e+00 5.0000010e+00
         vertex 2.8226715e+00 9.9802204e+00 5.0000010e+00
         vertex 1.3961567e-01 1.0636973e+01 5.0000010e+00
      endloop
   endfacet
   facet normal -0.0000000e+00 -0.0000000e+00 1.0000000e+00
      outer loop
         vertex 1.3961567e-01 1.0636973e+01 5.0000010e+00
         vertex 2.8226715e+00 9.9802204e+00 5.0000010e+00
         vertex 2.5360261e+00 1.1651942e+01 5.0000010e+00
      endloop
   endfacet
   facet normal 0.0000000e+00 -0.0000000e+00 1.0000000e+00
      outer loop
         vertex 1.3961567e-01 1.0636973e+01 5.0000010e+00
         vertex 2.5360261e+00 1.1651942e+01 5.0000010e+00
         vertex 1.0000000e-06 1.2500001e+01 5.0000010e+00
      endloop
   endfacet
   facet normal -0.0000000e+00 0.0000000e+00 1.0000000e+00
      outer loop
         vertex 1.0000000e-06 1.2500001e+01 5.0000010e+00
         vertex 2.5360261e+00 1.1651942e+01 5.0000010e+00
         vertex 2.5360261e+00 1.3348060e+01 5.0000010e+00
      endloop
   endfacet
   facet normal 0.0000000e+00 -0.0000000e+00 1.0000000e+00
      outer loop
         vertex 1.0000000e-06 1.2500001e+01 5.0000010e+00
         vertex 2.5360261e+00 1.3348060e+01 5.0000010e+00
         vertex 1.3961567e-01 1.4363029e+01 5.0000010e+00
      endloop
   endfacet
   facet normal -0.0000000e+00 0.0000000e+00 1.0000000e+00
      outer loop
         vertex 1.3961567e-01 1.4363029e+01 5.0000010e+00
         vertex 2.5360261e+00 1.3348060e+01 5.0000010e+00
         vertex 2.8226715e+00 1.5019782e+01 5.0000010e+00
      endloop
   endfacet
   facet normal 0.0000000e+00 -0.0000000e+00 1.0000000e+00
      outer loop
         vertex 1.3961567e-01 1.4363029e+01 5.0000010e+00
         vertex 2.8226715e+00 1.5019782e+01 5.0000010e+00
         vertex 5.5534093e-01 1.6184441e+01 5.0000010e+00
      endloop
   endfacet
   facet normal -0.0000000e+00 0.0000000e+00 1.0000000e+00
      outer loop
         vertex 5.5534093e-01 1.6184441e+01 5.0000010e+00
         vertex 2.8226715e+00 1.5019782e+01 5.0000010e+00
         vertex 3.3877161e+00 1.6619013e+01 5.0000010e+00
      endloop
   endfacet
   facet normal 0.0000000e+00 -0.0000000e+00 1.0000000e+00
      outer loop
         vertex 5.5534093e-01 1.6184441e+01 5.0000010e+00
         vertex 3.3877161e+00 1.6619013e+01 5.0000010e+00
         vertex 1.2378902e+00 1.7923548e+01 5.0000010e+00
      endloop
   endfacet
   facet normal -0.0000000e+00 0.0000000e+00 1.0000000e+00
      outer loop
         vertex 1.2378902e+00 1.7923548e+01 5.0000010e+00
         vertex 3.3877161e+00 1.6619013e+01 5.0000010e+00
         vertex 4.2149045e+00 1.8099749e+01 5.0000010e+00
      endloop
   endfacet
   facet normal 0.0000000e+00 -0.0000000e+00 1.0000000e+00
      outer loop
         vertex 1.2378902e+00 1.7923548e+01 5.0000010e+00
         vertex 4.2149045e+00 1.8099749e+01 5.0000010e+00
         vertex 2.1720163e+00 1.9541502e+01 5.0000010e+00
      endloop
   endfacet
   facet normal -0.0000000e+00 -0.0000000e+00 1.0000000e+00
      outer loop
         vertex 2.1720163e+00 1.9541502e+01 5.0000010e+00
         vertex 4.2149045e+00 1.8099749e+01 5.0000010e+00
         vertex 3.3368526e+00 2.1002160e+01 5.0000010e+00
      endloop
   endfacet
   facet normal -0.0000000e+00 0.0000000e+00 1.0000000e+00
      outer loop
         vertex 3.3368526e+00 2.1002160e+01 5.0000010e+00
         vertex 4.2149045e+00 1.8099749e+01 5.0000010e+00
         vertex 5.2804401e+00 1.9419390e+01 5.0000010e+00
      endloop
   endfacet
   facet normal -0.0000000e+00 -0.0000000e+00 1.0000000e+00
      outer loop
         vertex 3.3368526e+00 2.1002160e+01 5.0000010e+00
         vertex 5.2804401e+00 1.9419390e+01 5.0000010e+00
         vertex 4.7063785e+00 2.2272895e+01 5.0000010e+00
      endloop
   endfacet
   facet normal -0.0000000e+00 0.0000000e+00 1.0000000e+00
      outer loop
         vertex 4.7063785e+00 2.2272895e+01 5.0000010e+00
         vertex 5.2804401e+00 1.9419390e+01 5.0000010e+00
         vertex 6.5536692e+00 2.0539972e+01 5.0000010e+00
      endloop
   endfacet
   facet normal -0.0000000e+00 -0.0000000e+00 1.0000000e+00
      outer loop
         vertex 4.7063785e+00 2.2272895e+01 5.0000010e+00
         vertex 6.5536692e+00 2.0539972e+01 5.0000010e+00
         vertex 6.2500010e+00 2.3325319e+01 5.0000010e+00
      endloop
   endfacet
   facet normal -0.0000000e+00 0.0000000e+00 1.0000000e+00
      outer loop
         vertex 6.2500010e+00 2.3325319e+01 5.0000010e+00
         vertex 6.5536692e+00 2.0539972e+01 5.0000010e+00
         vertex 7.9979636e+00 2.1429260e+01 5.0000010e+00
      endloop
   endfacet
   facet normal -0.0000000e+00 -0.0000000e+00 1.0000000e+00
      outer loop
         vertex 6.2500010e+00 2.3325319e+01 5.0000010e+00
         vertex 7.9979636e+00 2.1429260e+01 5.0000010e+00
         vertex 7.9332382e+00 2.4135923e+01 5.0000010e+00
      endloop
   endfacet
   facet normal -0.0000000e+00 0.0000000e+00 1.0000000e+00
      outer loop
         vertex 7.9332382e+00 2.4135923e+01 5.0000010e+00
         vertex 7.9979636e+00 2.1429260e+01 5.0000010e+00
         vertex 9.5717733e+00 2.2061668e+01 5.0000010e+00
      endloop
   endfacet
   facet normal -0.0000000e+00 0.0000000e+00 1.0000000e+00
      outer loop
         vertex 7.9332382e+00 2.4135923e+01 5.0000010e+00
         vertex 9.5717733e+00 2.2061668e+01 5.0000010e+00
         vertex 9.7184893e+00 2.4686600e+01 5.0000010e+00
      endloop
   endfacet
   facet normal -0.0000000e+00 0.0000000e+00 1.0000000e+00
      outer loop
         vertex 9.7184893e+00 2.4686600e+01 5.0000010e+00
         vertex 9.5717733e+00 2.2061668e+01 5.0000010e+00
         vertex 1.1229823e+01 2.2419005e+01 5.0000010e+00
      endloop
   endfacet
   facet normal -0.0000000e+00 0.0000000e+00 1.0000000e+00
      outer loop
         vertex 9.7184893e+00 2.4686600e+01 5.0000010e+00
         vertex 1.1229823e+01 2.2419005e+01 5.0000010e+00
         vertex 1.1565875e+01 2.4965048e+01 5.0000010e+00
      endloop
   endfacet
   facet normal -0.0000000e+00 0.0000000e+00 1.0000000e+00
      outer loop
         vertex 1.1565875e+01 2.4965048e+01 5.0000010e+00
         vertex 1.1229823e+01 2.2419005e+01 5.0000010e+00
         vertex 1.2924413e+01 2.2490991e+01 5.0000010e+00
      endloop
   endfacet
   facet normal -0.0000000e+00 0.0000000e+00 1.0000000e+00
      outer loop
         vertex 1.1565875e+01 2.4965048e+01 5.0000010e+00
         vertex 1.2924413e+01 2.2490991e+01 5.0000010e+00
         vertex 1.3434127e+01 2.4965048e+01 5.0000010e+00
      endloop
   endfacet
   facet normal 0.0000000e+00 0.0000000e+00 1.0000000e+00
      outer loop
         vertex 1.3434127e+01 2.4965048e+01 5.0000010e+00
         vertex 1.2924413e+01 2.2490991e+01 5.0000010e+00
         vertex 1.4606794e+01 2.2275553e+01 5.0000010e+00
      endloop
   endfacet
   facet normal -0.0000000e+00 0.0000000e+00 1.0000000e+00
      outer loop
         vertex 1.3434127e+01 2.4965048e+01 5.0000010e+00
         vertex 1.4606794e+01 2.2275553e+01 5.0000010e+00
         vertex 1.5281513e+01 2.4686600e+01 5.0000010e+00
      endloop
   endfacet
   facet normal 0.0000000e+00 0.0000000e+00 1.0000000e+00
      outer loop
         vertex 1.5281513e+01 2.4686600e+01 5.0000010e+00
         vertex 1.4606794e+01 2.2275553e+01 5.0000010e+00
         vertex 1.6228566e+01 2.1778891e+01 5.0000010e+00
      endloop
   endfacet
   facet normal -0.0000000e+00 0.0000000e+00 1.0000000e+00
      outer loop
         vertex 1.5281513e+01 2.4686600e+01 5.0000010e+00
         vertex 1.6228566e+01 2.1778891e+01 5.0000010e+00
         vertex 1.7066764e+01 2.4135923e+01 5.0000010e+00
      endloop
   endfacet
   facet normal -0.0000000e+00 0.0000000e+00 1.0000000e+00
      outer loop
         vertex 1.7066764e+01 2.4135923e+01 5.0000010e+00
         vertex 1.6228566e+01 2.1778891e+01 5.0000010e+00
         vertex 1.8750001e+01 2.3325319e+01 5.0000010e+00
      endloop
   endfacet
   facet normal 0.0000000e+00 0.0000000e+00 1.0000000e+00
      outer loop
         vertex 1.8750001e+01 2.3325319e+01 5.0000010e+00
         vertex 1.6228566e+01 2.1778891e+01 5.0000010e+00
         vertex 1.7743074e+01 2.1015292e+01 5.0000010e+00
      endloop
   endfacet
   facet normal -0.0000000e+00 0.0000000e+00 1.0000000e+00
      outer loop
         vertex 1.8750001e+01 2.3325319e+01 5.0000010e+00
         vertex 1.7743074e+01 2.1015292e+01 5.0000010e+00
         vertex 2.0293624e+01 2.2272895e+01 5.0000010e+00
      endloop
   endfacet
   facet normal 0.0000000e+00 0.0000000e+00 1.0000000e+00
      outer loop
         vertex 2.0293624e+01 2.2272895e+01 5.0000010e+00
         vertex 1.7743074e+01 2.1015292e+01 5.0000010e+00
         vertex 1.9106748e+01 2.0006724e+01 5.0000010e+00
      endloop
   endfacet
   facet normal -0.0000000e+00 0.0000000e+00 1.0000000e+00
      outer loop
         vertex 2.0293624e+01 2.2272895e+01 5.0000010e+00
         vertex 1.9106748e+01 2.0006724e+01 5.0000010e+00
         vertex 2.1663149e+01 2.1002160e+01 5.0000010e+00
      endloop
   endfacet
   facet normal 0.0000000e+00 0.0000000e+00 1.0000000e+00
      outer loop
         vertex 2.1663149e+01 2.1002160e+01 5.0000010e+00
         vertex 1.9106748e+01 2.0006724e+01 5.0000010e+00
         vertex 2.0280359e+01 1.8782201e+01 5.0000010e+00
      endloop
   endfacet
   facet normal -0.0000000e+00 0.0000000e+00 1.0000000e+00
      outer loop
         vertex 2.1663149e+01 2.1002160e+01 5.0000010e+00
         vertex 2.0280359e+01 1.8782201e+01 5.0000010e+00
         vertex 2.2827986e+01 1.9541502e+01 5.0000010e+00
      endloop
   endfacet
   facet normal 0.0000000e+00 0.0000000e+00 1.0000000e+00
      outer loop
         vertex 2.2827986e+01 1.9541502e+01 5.0000010e+00
         vertex 2.0280359e+01 1.8782201e+01 5.0000010e+00
         vertex 2.1230142e+01 1.7376950e+01 5.0000010e+00
      endloop
   endfacet
   facet normal -0.0000000e+00 0.0000000e+00 1.0000000e+00
      outer loop
         vertex 2.2827986e+01 1.9541502e+01 5.0000010e+00
         vertex 2.1230142e+01 1.7376950e+01 5.0000010e+00
         vertex 2.3762112e+01 1.7923548e+01 5.0000010e+00
      endloop
   endfacet
   facet normal 0.0000000e+00 0.0000000e+00 1.0000000e+00
      outer loop
         vertex 2.3762112e+01 1.7923548e+01 5.0000010e+00
         vertex 2.1230142e+01 1.7376950e+01 5.0000010e+00
         vertex 2.1928775e+01 1.5831399e+01 5.0000010e+00
      endloop
   endfacet
   facet normal -0.0000000e+00 0.0000000e+00 1.0000000e+00
      outer loop
         vertex 2.3762112e+01 1.7923548e+01 5.0000010e+00
         vertex 2.1928775e+01 1.5831399e+01 5.0000010e+00
         vertex 2.4444661e+01 1.6184441e+01 5.0000010e+00
      endloop
   endfacet
   facet normal 0.0000000e+00 0.0000000e+00 1.0000000e+00
      outer loop
         vertex 2.4444661e+01 1.6184441e+01 5.0000010e+00
         vertex 2.1928775e+01 1.5831399e+01 5.0000010e+00
         vertex 2.2356160e+01 1.4190009e+01 5.0000010e+00
      endloop
   endfacet
   facet normal -0.0000000e+00 0.0000000e+00 1.0000000e+00
      outer loop
         vertex 2.4444661e+01 1.6184441e+01 5.0000010e+00
         vertex 2.2356160e+01 1.4190009e+01 5.0000010e+00
         vertex 2.4860386e+01 1.4363029e+01 5.0000010e+00
      endloop
   endfacet
   facet normal 0.0000000e+00 0.0000000e+00 1.0000000e+00
      outer loop
         vertex 2.4860386e+01 1.4363029e+01 5.0000010e+00
         vertex 2.2356160e+01 1.4190009e+01 5.0000010e+00
         vertex 2.2500001e+01 1.2500001e+01 5.0000010e+00
      endloop
   endfacet
   facet normal 0.0000000e+00 0.0000000e+00 -1.0000000e+00
      outer loop
         vertex 1.1061692e+01 1.9962659e+01 1.0000000e-06
         vertex 1.1565875e+01 2.4965048e+01 1.0000000e-06
         vertex 1.2500001e+01 2.0100001e+01 1.0000000e-06
      endloop
   endfacet
   facet normal 0.0000000e+00 0.0000000e+00 -1.0000000e+00
      outer loop
         vertex 1.2500001e+01 2.0100001e+01 1.0000000e-06
         vertex 1.1565875e+01 2.4965048e+01 1.0000000e-06
         vertex 1.3434127e+01 2.4965048e+01 1.0000000e-06
      endloop
   endfacet
   facet normal 0.0000000e+00 0.0000000e+00 -1.0000000e+00
      outer loop
         vertex 1.2500001e+01 2.0100001e+01 1.0000000e-06
         vertex 1.3434127e+01 2.4965048e+01 1.0000000e-06
         vertex 1.3938310e+01 1.9962659e+01 1.0000000e-06
      endloop
   endfacet
   facet normal 0.0000000e+00 0.0000000e+00 -1.0000000e+00
      outer loop
         vertex 1.3938310e+01 1.9962659e+01 1.0000000e-06
         vertex 1.3434127e+01 2.4965048e+01 1.0000000e-06
         vertex 1.5281513e+01 2.4686600e+01 1.0000000e-06
      endloop
   endfacet
   facet normal 0.0000000e+00 0.0000000e+00 -1.0000000e+00
      outer loop
         vertex 1.3938310e+01 1.9962659e+01 1.0000000e-06
         vertex 1.5281513e+01 2.4686600e+01 1.0000000e-06
         vertex 1.5324636e+01 1.9555597e+01 1.0000000e-06
      endloop
   endfacet
   facet normal 0.0000000e+00 0.0000000e+00 -1.0000000e+00
      outer loop
         vertex 1.5324636e+01 1.9555597e+01 1.0000000e-06
         vertex 1.5281513e+01 2.4686600e+01 1.0000000e-06
         vertex 1.7066764e+01 2.4135923e+01 1.0000000e-06
      endloop
   endfacet
   facet normal 0.0000000e+00 0.0000000e+00 -1.0000000e+00
      outer loop
         vertex 1.5324636e+01 1.9555597e+01 1.0000000e-06
         vertex 1.7066764e+01 2.4135923e+01 1.0000000e-06
         vertex 1.8750001e+01 2.3325319e+01 1.0000000e-06
      endloop
   endfacet
   facet normal -0.0000000e+00 0.0000000e+00 -1.0000000e+00
      outer loop
         vertex 1.1565875e+01 2.4965048e+01 1.0000000e-06
         vertex 1.1061692e+01 1.9962659e+01 1.0000000e-06
         vertex 9.7184893e+00 2.4686600e+01 1.0000000e-06
      endloop
   endfacet
   facet normal 0.0000000e+00 -0.0000000e+00 -1.0000000e+00
      outer loop
         vertex 9.7184893e+00 2.4686600e+01 1.0000000e-06
         vertex 1.1061692e+01 1.9962659e+01 1.0000000e-06
         vertex 9.6753663e+00 1.9555597e+01 1.0000000e-06
      endloop
   endfacet
   facet normal -0.0000000e+00 0.0000000e+00 -1.0000000e+00
      outer loop
         vertex 9.7184893e+00 2.4686600e+01 1.0000000e-06
         vertex 9.6753663e+00 1.9555597e+01 1.0000000e-06
         vertex 7.9332382e+00 2.4135923e+01 1.0000000e-06
      endloop
   endfacet
   facet normal -0.0000000e+00 -0.0000000e+00 -1.0000000e+00
      outer loop
         vertex 7.9332382e+00 2.4135923e+01 1.0000000e-06
         vertex 9.6753663e+00 1.9555597e+01 1.0000000e-06
         vertex 6.2500010e+00 2.3325319e+01 1.0000000e-06
      endloop
   endfacet
   facet normal 0.0000000e+00 -0.0000000e+00 -1.0000000e+00
      outer loop
         vertex 6.2500010e+00 2.3325319e+01 1.0000000e-06
         vertex 9.6753663e+00 1.9555597e+01 1.0000000e-06
         vertex 8.3911308e+00 1.8893528e+01 1.0000000e-06
      endloop
   endfacet
   facet normal -0.0000000e+00 -0.0000000e+00 -1.0000000e+00
      outer loop
         vertex 6.2500010e+00 2.3325319e+01 1.0000000e-06
         vertex 8.3911308e+00 1.8893528e+01 1.0000000e-06
         vertex 4.7063785e+00 2.2272895e+01 1.0000000e-06
      endloop
   endfacet
   facet normal 0.0000000e+00 -0.0000000e+00 -1.0000000e+00
      outer loop
         vertex 4.7063785e+00 2.2272895e+01 1.0000000e-06
         vertex 8.3911308e+00 1.8893528e+01 1.0000000e-06
         vertex 7.2554005e+00 1.8000380e+01 1.0000000e-06
      endloop
   endfacet
   facet normal -0.0000000e+00 -0.0000000e+00 -1.0000000e+00
      outer loop
         vertex 4.7063785e+00 2.2272895e+01 1.0000000e-06
         vertex 7.2554005e+00 1.8000380e+01 1.0000000e-06
         vertex 3.3368526e+00 2.1002160e+01 1.0000000e-06
      endloop
   endfacet
   facet normal 0.0000000e+00 -0.0000000e+00 -1.0000000e+00
      outer loop
         vertex 3.3368526e+00 2.1002160e+01 1.0000000e-06
         vertex 7.2554005e+00 1.8000380e+01 1.0000000e-06
         vertex 6.3092238e+00 1.6908434e+01 1.0000000e-06
      endloop
   endfacet
   facet normal -0.0000000e+00 -0.0000000e+00 -1.0000000e+00
      outer loop
         vertex 3.3368526e+00 2.1002160e+01 1.0000000e-06
         vertex 6.3092238e+00 1.6908434e+01 1.0000000e-06
         vertex 2.1720163e+00 1.9541502e+01 1.0000000e-06
      endloop
   endfacet
   facet normal -0.0000000e+00 -0.0000000e+00 -1.0000000e+00
      outer loop
         vertex 2.1720163e+00 1.9541502e+01 1.0000000e-06
         vertex 6.3092238e+00 1.6908434e+01 1.0000000e-06
         vertex 1.2378902e+00 1.7923548e+01 1.0000000e-06
      endloop
   endfacet
   facet normal 0.0000000e+00 -0.0000000e+00 -1.0000000e+00
      outer loop
         vertex 1.2378902e+00 1.7923548e+01 1.0000000e-06
         vertex 6.3092238e+00 1.6908434e+01 1.0000000e-06
         vertex 5.5867978e+00 1.5657155e+01 1.0000000e-06
      endloop
   endfacet
   facet normal -0.0000000e+00 -0.0000000e+00 -1.0000000e+00
      outer loop
         vertex 1.2378902e+00 1.7923548e+01 1.0000000e-06
         vertex 5.5867978e+00 1.5657155e+01 1.0000000e-06
         vertex 5.5534093e-01 1.6184441e+01 1.0000000e-06
      endloop
   endfacet
   facet normal 0.0000000e+00 -0.0000000e+00 -1.0000000e+00
      outer loop
         vertex 5.5534093e-01 1.6184441e+01 1.0000000e-06
         vertex 5.5867978e+00 1.5657155e+01 1.0000000e-06
         vertex 5.1142331e+00 1.4291769e+01 1.0000000e-06
      endloop
   endfacet
   facet normal -0.0000000e+00 -0.0000000e+00 -1.0000000e+00
      outer loop
         vertex 5.5534093e-01 1.6184441e+01 1.0000000e-06
         vertex 5.1142331e+00 1.4291769e+01 1.0000000e-06
         vertex 1.3961567e-01 1.4363029e+01 1.0000000e-06
      endloop
   endfacet
   facet normal 0.0000000e+00 -0.0000000e+00 -1.0000000e+00
      outer loop
         vertex 1.3961567e-01 1.4363029e+01 1.0000000e-06
         vertex 5.1142331e+00 1.4291769e+01 1.0000000e-06
         vertex 4.9086092e+00 1.2861624e+01 1.0000000e-06
      endloop
   endfacet
   facet normal 0.0000000e+00 -0.0000000e+00 -1.0000000e+00
      outer loop
         vertex 1.3961567e-01 1.4363029e+01 1.0000000e-06
         vertex 4.9086092e+00 1.2861624e+01 1.0000000e-06
         vertex 1.0000000e-06 1.2500001e+01 1.0000000e-06
      endloop
   endfacet
   facet normal 0.0000000e+00 0.0000000e+00 -1.0000000e+00
      outer loop
         vertex 1.0000000e-06 1.2500001e+01 1.0000000e-06
         vertex 4.9086092e+00 1.2861624e+01 1.0000000e-06
         vertex 4.9773580e+00 1.1418408e+01 1.0000000e-06
      endloop
   endfacet
   facet normal 0.0000000e+00 -0.0000000e+00 -1.0000000e+00
      outer loop
         vertex 1.0000000e-06 1.2500001e+01 1.0000000e-06
         vertex 4.9773580e+00 1.1418408e+01 1.0000000e-06
         vertex 1.3961567e-01 1.0636973e+01 1.0000000e-06
      endloop
   endfacet
   facet normal 0.0000000e+00 -0.0000000e+00 -1.0000000e+00
      outer loop
         vertex 1.3961567e-01 1.0636973e+01 1.0000000e-06
         vertex 4.9773580e+00 1.1418408e+01 1.0000000e-06
         vertex 5.5534093e-01 8.8155613e+00 1.0000000e-06
      endloop
   endfacet
   facet normal 0.0000000e+00 0.0000000e+00 -1.0000000e+00
      outer loop
         vertex 5.5534093e-01 8.8155613e+00 1.0000000e-06
         vertex 4.9773580e+00 1.1418408e+01 1.0000000e-06
         vertex 5.3179948e+00 1.0014284e+01 1.0000000e-06
      endloop
   endfacet
   facet normal 0.0000000e+00 -0.0000000e+00 -1.0000000e+00
      outer loop
         vertex 5.5534093e-01 8.8155613e+00 1.0000000e-06
         vertex 5.3179948e+00 1.0014284e+01 1.0000000e-06
         vertex 1.2378902e+00 7.0764543e+00 1.0000000e-06
      endloop
   endfacet
   facet normal 0.0000000e+00 0.0000000e+00 -1.0000000e+00
      outer loop
         vertex 1.2378902e+00 7.0764543e+00 1.0000000e-06
         vertex 5.3179948e+00 1.0014284e+01 1.0000000e-06
         vertex 5.9182079e+00 8.7000010e+00 1.0000000e-06
      endloop
   endfacet
   facet normal 0.0000000e+00 -0.0000000e+00 -1.0000000e+00
      outer loop
         vertex 1.2378902e+00 7.0764543e+00 1.0000000e-06
         vertex 5.9182079e+00 8.7000010e+00 1.0000000e-06
         vertex 2.1720163e+00 5.4585003e+00 1.0000000e-06
      endloop
   endfacet
   facet normal 0.0000000e+00 0.0000000e+00 -1.0000000e+00
      outer loop
         vertex 2.1720163e+00 5.4585003e+00 1.0000000e-06
         vertex 5.9182079e+00 8.7000010e+00 1.0000000e-06
         vertex 6.7563042e+00 7.5230594e+00 1.0000000e-06
      endloop
   endfacet
   facet normal 0.0000000e+00 -0.0000000e+00 -1.0000000e+00
      outer loop
         vertex 2.1720163e+00 5.4585003e+00 1.0000000e-06
         vertex 6.7563042e+00 7.5230594e+00 1.0000000e-06
         vertex 3.3368526e+00 3.9978418e+00 1.0000000e-06
      endloop
   endfacet
   facet normal 0.0000000e+00 0.0000000e+00 -1.0000000e+00
      outer loop
         vertex 3.3368526e+00 3.9978418e+00 1.0000000e-06
         vertex 6.7563042e+00 7.5230594e+00 1.0000000e-06
         vertex 7.8019927e+00 6.5259975e+00 1.0000000e-06
      endloop
   endfacet
   facet normal 0.0000000e+00 -0.0000000e+00 -1.0000000e+00
      outer loop
         vertex 3.3368526e+00 3.9978418e+00 1.0000000e-06
         vertex 7.8019927e+00 6.5259975e+00 1.0000000e-06
         vertex 4.7063785e+00 2.7271075e+00 1.0000000e-06
      endloop
   endfacet
   facet normal 0.0000000e+00 -0.0000000e+00 -1.0000000e+00
      outer loop
         vertex 4.7063785e+00 2.7271075e+00 1.0000000e-06
         vertex 7.8019927e+00 6.5259975e+00 1.0000000e-06
         vertex 6.2500010e+00 1.6746835e+00 1.0000000e-06
      endloop
   endfacet
   facet normal 0.0000000e+00 0.0000000e+00 -1.0000000e+00
      outer loop
         vertex 6.2500010e+00 1.6746835e+00 1.0000000e-06
         vertex 7.8019927e+00 6.5259975e+00 1.0000000e-06
         vertex 9.0174794e+00 5.7448516e+00 1.0000000e-06
      endloop
   endfacet
   facet normal 0.0000000e+00 -0.0000000e+00 -1.0000000e+00
      outer loop
         vertex 6.2500010e+00 1.6746835e+00 1.0000000e-06
         vertex 9.0174794e+00 5.7448516e+00 1.0000000e-06
         vertex 7.9332382e+00 8.6407914e-01 1.0000000e-06
      endloop
   endfacet
   facet normal 0.0000000e+00 0.0000000e+00 -1.0000000e+00
      outer loop
         vertex 7.9332382e+00 8.6407914e-01 1.0000000e-06
         vertex 9.0174794e+00 5.7448516e+00 1.0000000e-06
         vertex 1.0358834e+01 5.2078544e+00 1.0000000e-06
      endloop
   endfacet
   facet normal 0.0000000e+00 -0.0000000e+00 -1.0000000e+00
      outer loop
         vertex 7.9332382e+00 8.6407914e-01 1.0000000e-06
         vertex 1.0358834e+01 5.2078544e+00 1.0000000e-06
         vertex 9.7184893e+00 3.1340210e-01 1.0000000e-06
      endloop
   endfacet
   facet normal 0.0000000e+00 0.0000000e+00 -1.0000000e+00
      outer loop
         vertex 9.7184893e+00 3.1340210e-01 1.0000000e-06
         vertex 1.0358834e+01 5.2078544e+00 1.0000000e-06
         vertex 1.1777575e+01 4.9344144e+00 1.0000000e-06
      endloop
   endfacet
   facet normal 0.0000000e+00 -0.0000000e+00 -1.0000000e+00
      outer loop
         vertex 9.7184893e+00 3.1340210e-01 1.0000000e-06
         vertex 1.1777575e+01 4.9344144e+00 1.0000000e-06
         vertex 1.1565875e+01 3.4953535e-02 1.0000000e-06
      endloop
   endfacet
   facet normal 0.0000000e+00 0.0000000e+00 -1.0000000e+00
      outer loop
         vertex 1.1565875e+01 3.4953535e-02 1.0000000e-06
         vertex 1.1777575e+01 4.9344144e+00 1.0000000e-06
         vertex 1.3222427e+01 4.9344144e+00 1.0000000e-06
      endloop
   endfacet
   facet normal 0.0000000e+00 0.0000000e+00 -1.0000000e+00
      outer loop
         vertex 1.1565875e+01 3.4953535e-02 1.0000000e-06
         vertex 1.3222427e+01 4.9344144e+00 1.0000000e-06
         vertex 1.3434127e+01 3.4953535e-02 1.0000000e-06
      endloop
   endfacet
   facet normal 0.0000000e+00 0.0000000e+00 -1.0000000e+00
      outer loop
         vertex 1.3434127e+01 3.4953535e-02 1.0000000e-06
         vertex 1.3222427e+01 4.9344144e+00 1.0000000e-06
         vertex 1.5281513e+01 3.1340210e-01 1.0000000e-06
      endloop
   endfacet
   facet normal 0.0000000e+00 0.0000000e+00 -1.0000000e+00
      outer loop
         vertex 1.5281513e+01 3.1340210e-01 1.0000000e-06
         vertex 1.3222427e+01 4.9344144e+00 1.0000000e-06
         vertex 1.4641168e+01 5.2078544e+00 1.0000000e-06
      endloop
   endfacet
   facet normal 0.0000000e+00 0.0000000e+00 -1.0000000e+00
      outer loop
         vertex 1.5281513e+01 3.1340210e-01 1.0000000e-06
         vertex 1.4641168e+01 5.2078544e+00 1.0000000e-06
         vertex 1.7066764e+01 8.6407914e-01 1.0000000e-06
      endloop
   endfacet
   facet normal 0.0000000e+00 0.0000000e+00 -1.0000000e+00
      outer loop
         vertex 1.7066764e+01 8.6407914e-01 1.0000000e-06
         vertex 1.4641168e+01 5.2078544e+00 1.0000000e-06
         vertex 1.5982523e+01 5.7448516e+00 1.0000000e-06
      endloop
   endfacet
   facet normal 0.0000000e+00 0.0000000e+00 -1.0000000e+00
      outer loop
         vertex 1.7066764e+01 8.6407914e-01 1.0000000e-06
         vertex 1.5982523e+01 5.7448516e+00 1.0000000e-06
         vertex 1.8750001e+01 1.6746835e+00 1.0000000e-06
      endloop
   endfacet
   facet normal 0.0000000e+00 0.0000000e+00 -1.0000000e+00
      outer loop
         vertex 1.8750001e+01 1.6746835e+00 1.0000000e-06
         vertex 1.5982523e+01 5.7448516e+00 1.0000000e-06
         vertex 1.7198009e+01 6.5259975e+00 1.0000000e-06
      endloop
   endfacet
   facet normal 0.0000000e+00 0.0000000e+00 -1.0000000e+00
      outer loop
         vertex 1.8750001e+01 1.6746835e+00 1.0000000e-06
         vertex 1.7198009e+01 6.5259975e+00 1.0000000e-06
         vertex 2.0293624e+01 2.7271075e+00 1.0000000e-06
      endloop
   endfacet
   facet normal 0.0000000e+00 0.0000000e+00 -1.0000000e+00
      outer loop
         vertex 2.0293624e+01 2.7271075e+00 1.0000000e-06
         vertex 1.7198009e+01 6.5259975e+00 1.0000000e-06
         vertex 2.1663149e+01 3.9978418e+00 1.0000000e-06
      endloop
   endfacet
   facet normal 0.0000000e+00 0.0000000e+00 -1.0000000e+00
      outer loop
         vertex 2.1663149e+01 3.9978418e+00 1.0000000e-06
         vertex 1.7198009e+01 6.5259975e+00 1.0000000e-06
         vertex 1.8243698e+01 7.5230594e+00 1.0000000e-06
      endloop
   endfacet
   facet normal 0.0000000e+00 0.0000000e+00 -1.0000000e+00
      outer loop
         vertex 2.1663149e+01 3.9978418e+00 1.0000000e-06
         vertex 1.8243698e+01 7.5230594e+00 1.0000000e-06
         vertex 2.2827986e+01 5.4585003e+00 1.0000000e-06
      endloop
   endfacet
   facet normal 0.0000000e+00 0.0000000e+00 -1.0000000e+00
      outer loop
         vertex 2.2827986e+01 5.4585003e+00 1.0000000e-06
         vertex 1.8243698e+01 7.5230594e+00 1.0000000e-06
         vertex 1.9081794e+01 8.7000010e+00 1.0000000e-06
      endloop
   endfacet
   facet normal 0.0000000e+00 0.0000000e+00 -1.0000000e+00
      outer loop
         vertex 2.2827986e+01 5.4585003e+00 1.0000000e-06
         vertex 1.9081794e+01 8.7000010e+00 1.0000000e-06
         vertex 2.3762112e+01 7.0764543e+00 1.0000000e-06
      endloop
   endfacet
   facet normal 0.0000000e+00 0.0000000e+00 -1.0000000e+00
      outer loop
         vertex 2.3762112e+01 7.0764543e+00 1.0000000e-06
         vertex 1.9081794e+01 8.7000010e+00 1.0000000e-06
         vertex 1.9682007e+01 1.0014284e+01 1.0000000e-06
      endloop
   endfacet
   facet normal 0.0000000e+00 0.0000000e+00 -1.0000000e+00
      outer loop
         vertex 2.3762112e+01 7.0764543e+00 1.0000000e-06
         vertex 1.9682007e+01 1.0014284e+01 1.0000000e-06
         vertex 2.4444661e+01 8.8155613e+00 1.0000000e-06
      endloop
   endfacet
   facet normal 0.0000000e+00 0.0000000e+00 -1.0000000e+00
      outer loop
         vertex 2.4444661e+01 8.8155613e+00 1.0000000e-06
         vertex 1.9682007e+01 1.0014284e+01 1.0000000e-06
         vertex 2.0022644e+01 1.1418408e+01 1.0000000e-06
      endloop
   endfacet
   facet normal 0.0000000e+00 0.0000000e+00 -1.0000000e+00
      outer loop
         vertex 2.4444661e+01 8.8155613e+00 1.0000000e-06
         vertex 2.0022644e+01 1.1418408e+01 1.0000000e-06
         vertex 2.4860386e+01 1.0636973e+01 1.0000000e-06
      endloop
   endfacet
   facet normal 0.0000000e+00 0.0000000e+00 -1.0000000e+00
      outer loop
         vertex 2.4860386e+01 1.0636973e+01 1.0000000e-06
         vertex 2.0022644e+01 1.1418408e+01 1.0000000e-06
         vertex 2.5000001e+01 1.2500001e+01 1.0000000e-06
      endloop
   endfacet
   facet normal -0.0000000e+00 0.0000000e+00 -1.0000000e+00
      outer loop
         vertex 2.5000001e+01 1.2500001e+01 1.0000000e-06
         vertex 2.0022644e+01 1.1418408e+01 1.0000000e-06
         vertex 2.0091393e+01 1.2861624e+01 1.0000000e-06
      endloop
   endfacet
   facet normal 0.0000000e+00 0.0000000e+00 -1.0000000e+00
      outer loop
         vertex 2.5000001e+01 1.2500001e+01 1.0000000e-06
         vertex 2.0091393e+01 1.2861624e+01 1.0000000e-06
         vertex 2.4860386e+01 1.4363029e+01 1.0000000e-06
      endloop
   endfacet
   facet normal -0.0000000e+00 0.0000000e+00 -1.0000000e+00
      outer loop
         vertex 2.4860386e+01 1.4363029e+01 1.0000000e-06
         vertex 2.0091393e+01 1.2861624e+01 1.0000000e-06
         vertex 1.9885769e+01 1.4291769e+01 1.0000000e-06
      endloop
   endfacet
   facet normal -0.0000000e+00 0.0000000e+00 -1.0000000e+00
      outer loop
         vertex 2.4860386e+01 1.4363029e+01 1.0000000e-06
         vertex 1.9885769e+01 1.4291769e+01 1.0000000e-06
         vertex 2.4444661e+01 1.6184441e+01 1.0000000e-06
      endloop
   endfacet
   facet normal -0.0000000e+00 0.0000000e+00 -1.0000000e+00
      outer loop
         vertex 2.4444661e+01 1.6184441e+01 1.0000000e-06
         vertex 1.9885769e+01 1.4291769e+01 1.0000000e-06
         vertex 1.9413204e+01 1.5657155e+01 1.0000000e-06
      endloop
   endfacet
   facet normal -0.0000000e+00 0.0000000e+00 -1.0000000e+00
      outer loop
         vertex 2.4444661e+01 1.6184441e+01 1.0000000e-06
         vertex 1.9413204e+01 1.5657155e+01 1.0000000e-06
         vertex 2.3762112e+01 1.7923548e+01 1.0000000e-06
      endloop
   endfacet
   facet normal -0.0000000e+00 0.0000000e+00 -1.0000000e+00
      outer loop
         vertex 2.3762112e+01 1.7923548e+01 1.0000000e-06
         vertex 1.9413204e+01 1.5657155e+01 1.0000000e-06
         vertex 1.8690778e+01 1.6908434e+01 1.0000000e-06
      endloop
   endfacet
   facet normal -0.0000000e+00 0.0000000e+00 -1.0000000e+00
      outer loop
         vertex 2.3762112e+01 1.7923548e+01 1.0000000e-06
         vertex 1.8690778e+01 1.6908434e+01 1.0000000e-06
         vertex 2.2827986e+01 1.9541502e+01 1.0000000e-06
      endloop
   endfacet
   facet normal -0.0000000e+00 0.0000000e+00 -1.0000000e+00
      outer loop
         vertex 2.2827986e+01 1.9541502e+01 1.0000000e-06
         vertex 1.8690778e+01 1.6908434e+01 1.0000000e-06
         vertex 2.1663149e+01 2.1002160e+01 1.0000000e-06
      endloop
   endfacet
   facet normal -0.0000000e+00 0.0000000e+00 -1.0000000e+00
      outer loop
         vertex 2.1663149e+01 2.1002160e+01 1.0000000e-06
         vertex 1.8690778e+01 1.6908434e+01 1.0000000e-06
         vertex 1.7744601e+01 1.8000380e+01 1.0000000e-06
      endloop
   endfacet
   facet normal -0.0000000e+00 0.0000000e+00 -1.0000000e+00
      outer loop
         vertex 2.1663149e+01 2.1002160e+01 1.0000000e-06
         vertex 1.7744601e+01 1.8000380e+01 1.0000000e-06
         vertex 2.0293624e+01 2.2272895e+01 1.0000000e-06
      endloop
   endfacet
   facet normal -0.0000000e+00 0.0000000e+00 -1.0000000e+00
      outer loop
         vertex 2.0293624e+01 2.2272895e+01 1.0000000e-06
         vertex 1.7744601e+01 1.8000380e+01 1.0000000e-06
         vertex 1.6608871e+01 1.8893528e+01 1.0000000e-06
      endloop
   endfacet
   facet normal -0.0000000e+00 0.0000000e+00 -1.0000000e+00
      outer loop
         vertex 2.0293624e+01 2.2272895e+01 1.0000000e-06
         vertex 1.6608871e+01 1.8893528e+01 1.0000000e-06
         vertex 1.8750001e+01 2.3325319e+01 1.0000000e-06
      endloop
   endfacet
   facet normal -0.0000000e+00 0.0000000e+00 -1.0000000e+00
      outer loop
         vertex 1.8750001e+01 2.3325319e+01 1.0000000e-06
         vertex 1.6608871e+01 1.8893528e+01 1.0000000e-06
         vertex 1.5324636e+01 1.9555597e+01 1.0000000e-06
      endloop
   endfacet
endsolid AutoCAD
